StartDate,EndDate,Status,IPAddress,Progress,Duration (in seconds),Finished,RecordedDate,ResponseId,RecipientLastName,RecipientFirstName,RecipientEmail,ExternalReference,LocationLatitude,LocationLongitude,DistributionChannel,Q21,Q2_1,Q2_2,Q2_3,Q2_4,Q2_5,Q2_6,Q2_7,Q2_8,Q5_1,Q5_2,Q5_3,Q5_4,Q5_5,Q5_6,Q5_7,Q5_8,Q5_9,Q5_10,Q8_1,Q8_2,Q8_3,Q8_4,Q8_5,Q8_6,Q8_7,Q8_8,Q8_9,Q6_1,Q6_2,Q6_3,Q6_4,Q6_5,Q6_6,Q7_1,Q7_2,Q7_3,Q7_4,Q7_5,Q7_6,Q7_7,Q9_1,Q9_2,Q9_3,Q9_4,Q9_5,Q9_6,Q9_7,Q9_8,Q3_1,Q3_2,Q11,Q12,Q12_3_TEXT,Q14,Q17,Q18,Q20
Start Date,End Date,Response Type,IP Address,Progress,Duration (in seconds),Finished,Recorded Date,Response ID,Recipient Last Name,Recipient First Name,Recipient Email,External Data Reference,Location Latitude,Location Longitude,Distribution Channel,I am a beef producer who makes decisions on my farm(s) or ranch(es) about raising or purchasing breeding animals for my herd.,Please indicate the frequency to which you utilize the following items when selecting breeding animals: - EPDs,Please indicate the frequency to which you utilize the following items when selecting breeding animals: - Genomic Tests,Please indicate the frequency to which you utilize the following items when selecting breeding animals: - Visual Inspections,Please indicate the frequency to which you utilize the following items when selecting breeding animals: - Breed Associations Staff,Please indicate the frequency to which you utilize the following items when selecting breeding animals: - Breed/Semen Catalogs,Please indicate the frequency to which you utilize the following items when selecting breeding animals: - Semen Distributors,Please indicate the frequency to which you utilize the following items when selecting breeding animals: - Trusted breeder from who you've previously purchased stock,Please indicate the frequency to which you utilize the following items when selecting breeding animals: - Other producers,Please indicate the frequency to which you utilize the following EPD traits when selecting breeding stock: - CED,Please indicate the frequency to which you utilize the following EPD traits when selecting breeding stock: - BW,Please indicate the frequency to which you utilize the following EPD traits when selecting breeding stock: - WW,Please indicate the frequency to which you utilize the following EPD traits when selecting breeding stock: - YW,Please indicate the frequency to which you utilize the following EPD traits when selecting breeding stock: - MILK,Please indicate the frequency to which you utilize the following EPD traits when selecting breeding stock: - CEM,Please indicate the frequency to which you utilize the following EPD traits when selecting breeding stock: - REA,Please indicate the frequency to which you utilize the following EPD traits when selecting breeding stock: - MARB,"Please indicate the frequency to which you utilize the following EPD traits when selecting breeding stock: - Breed-specific Value Indexes ($W, $F, $TI, etc.)",Please indicate the frequency to which you utilize the following EPD traits when selecting breeding stock: - ACC,Please indicate to what extent the following items are barriers to utilizing EPDs: - EPDs are difficult to read,Please indicate to what extent the following items are barriers to utilizing EPDs: - Inconsistency between breed EPDs,Please indicate to what extent the following items are barriers to utilizing EPDs: - Difficult to understand difference between breed baseline and animal reports,Please indicate to what extent the following items are barriers to utilizing EPDs: - Too much overlap in composite data,Please indicate to what extent the following items are barriers to utilizing EPDs: - Too many bull EPDs to comb through,Please indicate to what extent the following items are barriers to utilizing EPDs: - EPDs are not available for the bulls I purchase or use,Please indicate to what extent the following items are barriers to utilizing EPDs: - EPDs have not worked in my situation,Please indicate to what extent the following items are barriers to utilizing EPDs: - EPDs don't accurately reflect genetic merit,Please indicate to what extent the following items are barriers to utilizing EPDs: - EPDs don't reflect all important factors in selecting breeding animals,Please indicate the level of importance for the following items when making breeding decisions: - EPDs,Please indicate the level of importance for the following items when making breeding decisions: - Visual Inspection,Please indicate the level of importance for the following items when making breeding decisions: - Price,Please indicate the level of importance for the following items when making breeding decisions: - Previous Use of Specific Animal/Genetic Line,Please indicate the level of importance for the following items when making breeding decisions: - Purebred breeder recomendation,Please indicate the level of importance for the following items when making breeding decisions: - Other Producers,Please indicate the frequency to which the following people make current breeding decisions on your farm: - Myself,Please indicate the frequency to which the following people make current breeding decisions on your farm: - My grandparent(s),Please indicate the frequency to which the following people make current breeding decisions on your farm: - My Parent(s),Please indicate the frequency to which the following people make current breeding decisions on your farm: - My Spouse,Please indicate the frequency to which the following people make current breeding decisions on your farm: - My sibling(s),Please indicate the frequency to which the following people make current breeding decisions on your farm: - My son(s)/daughter(s),Please indicate the frequency to which the following people make current breeding decisions on your farm: - Farm Manager,Please indicate the frequency to which you use the following sources to learn about new breeding information and new industry techniques and/or technology: - Trade Publications,Please indicate the frequency to which you use the following sources to learn about new breeding information and new industry techniques and/or technology: - Breed Associations,Please indicate the frequency to which you use the following sources to learn about new breeding information and new industry techniques and/or technology: - Local Extension Office/Agent,Please indicate the frequency to which you use the following sources to learn about new breeding information and new industry techniques and/or technology: - Local Agriculture Teachers,Please indicate the frequency to which you use the following sources to learn about new breeding information and new industry techniques and/or technology: - Online Resources,Please indicate the frequency to which you use the following sources to learn about new breeding information and new industry techniques and/or technology: - Veterinarian,"Please indicate the frequency to which you use the following sources to learn about new breeding information and new industry techniques and/or technology: - Semen salesman (ABS, SS, Genex, Cattle Visions, etc.)",Please indicate the frequency to which you use the following sources to learn about new breeding information and new industry techniques and/or technology: - Other producers,"Please indicate the percentage to which you use EPD data charts (for example: BW, WW, YW, $B, $W) and visual inspection when purchasing breeding stock (slide the indicators to represent your usage, total of two must equal 100%): - EPDs","Please indicate the percentage to which you use EPD data charts (for example: BW, WW, YW, $B, $W) and visual inspection when purchasing breeding stock (slide the indicators to represent your usage, total of two must equal 100%): - Visual Inspection",Please indicate the current reproductive practices utilized on your farm (please select all that apply):,Please indicate the type of operation your farm is (Please select all that apply): - Selected Choice,Please indicate the type of operation your farm is (Please select all that apply): - Registered seed stock producer       (Please indicate Breed:) - Text,"Please write in the approximate size of your operation based on number of head (cows, bulls, and calves), write N/A if you choose not to share this information:",Please write in your age:,Sex:,"50 States, D.C. and Puerto Rico"
"{""ImportId"":""startDate"",""timeZone"":""America/Chicago""}","{""ImportId"":""endDate"",""timeZone"":""America/Chicago""}","{""ImportId"":""status""}","{""ImportId"":""ipAddress""}","{""ImportId"":""progress""}","{""ImportId"":""duration""}","{""ImportId"":""finished""}","{""ImportId"":""recordedDate"",""timeZone"":""America/Chicago""}","{""ImportId"":""_recordId""}","{""ImportId"":""recipientLastName""}","{""ImportId"":""recipientFirstName""}","{""ImportId"":""recipientEmail""}","{""ImportId"":""externalDataReference""}","{""ImportId"":""locationLatitude""}","{""ImportId"":""locationLongitude""}","{""ImportId"":""distributionChannel""}","{""ImportId"":""QID21""}","{""ImportId"":""QID2_1""}","{""ImportId"":""QID2_2""}","{""ImportId"":""QID2_3""}","{""ImportId"":""QID2_4""}","{""ImportId"":""QID2_5""}","{""ImportId"":""QID2_6""}","{""ImportId"":""QID2_7""}","{""ImportId"":""QID2_8""}","{""ImportId"":""QID5_1""}","{""ImportId"":""QID5_2""}","{""ImportId"":""QID5_3""}","{""ImportId"":""QID5_4""}","{""ImportId"":""QID5_5""}","{""ImportId"":""QID5_6""}","{""ImportId"":""QID5_7""}","{""ImportId"":""QID5_8""}","{""ImportId"":""QID5_9""}","{""ImportId"":""QID5_10""}","{""ImportId"":""QID8_1""}","{""ImportId"":""QID8_2""}","{""ImportId"":""QID8_3""}","{""ImportId"":""QID8_4""}","{""ImportId"":""QID8_5""}","{""ImportId"":""QID8_6""}","{""ImportId"":""QID8_7""}","{""ImportId"":""QID8_8""}","{""ImportId"":""QID8_9""}","{""ImportId"":""QID6_1""}","{""ImportId"":""QID6_2""}","{""ImportId"":""QID6_6""}","{""ImportId"":""QID6_3""}","{""ImportId"":""QID6_4""}","{""ImportId"":""QID6_5""}","{""ImportId"":""QID7_1""}","{""ImportId"":""QID7_2""}","{""ImportId"":""QID7_3""}","{""ImportId"":""QID7_7""}","{""ImportId"":""QID7_4""}","{""ImportId"":""QID7_5""}","{""ImportId"":""QID7_6""}","{""ImportId"":""QID9_1""}","{""ImportId"":""QID9_2""}","{""ImportId"":""QID9_3""}","{""ImportId"":""QID9_4""}","{""ImportId"":""QID9_5""}","{""ImportId"":""QID9_6""}","{""ImportId"":""QID9_7""}","{""ImportId"":""QID9_8""}","{""ImportId"":""QID3_1""}","{""ImportId"":""QID3_2""}","{""ImportId"":""QID11""}","{""ImportId"":""QID12""}","{""ImportId"":""QID12_3_TEXT""}","{""ImportId"":""QID14_TEXT""}","{""ImportId"":""QID17_TEXT""}","{""ImportId"":""QID18""}","{""ImportId"":""QID20""}"
5/30/17 5:41,5/30/17 5:51,0,72.169.97.12,100,587,1,5/30/17 5:51,R_2aM3MLYGcMabqxO,,,,,43.03889465,-87.90650177,anonymous,1,6,4,6,1,5,1,1,4,4,4,6,5,5,5,6,6,6,6,1,4,2,3,2,1,1,3,3,4,5,4,4,4,4,6,1,1,1,1,1,1,5,4,2,1,5,2,2,4,54,46,"5,6",3,Angus,50,63,1,51
5/30/17 6:03,5/30/17 6:10,0,75.117.10.200,100,400,1,5/30/17 6:10,R_3NPA5BZ9Utik3Mm,,,,,31.06210327,-83.22380066,anonymous,1,6,3,6,2,1,1,1,6,6,6,6,6,6,6,5,3,2,7,1,1,1,1,1,1,1,3,4,4,5,4,4,3,4,6,1,1,1,1,1,1,4,4,1,1,4,1,1,5,41,59,2,3,Red Angus,25-30,73,1,11
5/30/17 6:09,5/30/17 6:20,0,24.183.238.73,100,640,1,5/30/17 6:20,R_2y1Jr2TbAOVptJi,,,,,35.65020752,-83.97820282,anonymous,1,6,5,6,3,4,3,4,3,5,5,6,6,6,3,4,3,3,6,2,3,2,3,2,1,1,3,2,5,5,5,4,4,3,5,1,1,5,1,1,1,6,5,5,5,5,5,2,5,49,51,"2,5",3,Hereford ,67,43,2,44
5/30/17 6:16,5/30/17 6:24,0,72.12.76.162,100,487,1,5/30/17 6:24,R_3DuNeNIBSOjkupX,,,,,44.27180481,-70.25060272,anonymous,1,6,6,4,2,3,3,5,5,3,6,6,6,5,2,6,6,2,5,1,1,1,1,1,1,1,2,3,3,5,2,4,4,4,6,1,1,1,1,2,1,3,3,1,1,4,1,3,4,82,18,"2,5",3,angus,120,52,1,20
5/30/17 6:27,5/30/17 6:33,0,198.137.20.168,100,362,1,5/30/17 6:33,R_1pSXnAzm3B7Td4d,,,,,33.9499054,-83.375,anonymous,1,5,3,5,1,5,5,4,3,4,4,4,4,5,4,4,5,4,4,1,1,1,1,3,1,3,3,3,3,5,4,5,3,3,5,1,5,1,1,1,1,5,5,1,1,4,1,2,3,35,65,"2,5,6",3,Hereford,80,27,2,36
5/30/17 7:12,5/30/17 7:17,0,170.111.2.172,100,314,1,5/30/17 7:17,R_1GxEW1xLp5NMg2x,,,,,29.5697937,-98.6160965,anonymous,1,3,1,6,1,6,5,2,4,5,5,4,3,5,3,4,4,5,3,3,3,4,3,2,1,3,3,4,3,5,4,4,1,3,6,1,1,1,2,2,1,4,3,1,1,4,1,4,3,30,70,4,1,,20,56,1,16
5/30/17 8:06,5/30/17 8:13,0,107.77.197.95,100,390,1,5/30/17 8:13,R_6u56M6Fz2JY2V1v,,,,,32.77870178,-96.82170105,anonymous,1,6,4,6,2,3,1,3,3,6,4,6,6,6,5,5,4,5,5,1,1,1,2,1,1,2,2,2,5,5,5,5,4,4,6,1,1,6,1,1,1,4,6,2,3,6,5,1,5,50,50,"2,5,6",3,Charolais ,45,43,1,37
5/30/17 10:53,5/30/17 10:55,0,97.64.244.146,100,149,1,5/30/17 10:55,R_2dyZel7zbrPtWr4,,,,,39.04370117,-92.27140045,anonymous,2,,,,,,,,,,,,,,,,,,,,,,,,,,,,,,,,,,,,,,,,,,,,,,,,,,,,,,,,,
5/30/17 12:21,5/30/17 12:22,0,104.129.192.54,100,41,1,5/30/17 12:22,R_1Ihr4W5NPMomj9R,,,,,43.61349487,-116.2034988,anonymous,2,,,,,,,,,,,,,,,,,,,,,,,,,,,,,,,,,,,,,,,,,,,,,,,,,,,,,,,,,13
5/30/17 12:24,5/30/17 12:27,0,98.100.99.134,100,163,1,5/30/17 12:27,R_3k7H6Uf5C0ClRay,,,,,38.96040344,-94.57640076,anonymous,1,4,3,4,2,3,3,4,3,4,4,4,4,4,4,3,3,3,3,2,3,2,3,4,1,2,3,3,3,4,4,4,4,3,3,1,5,2,3,1,1,4,4,2,2,4,4,4,3,36,64,"5,6",3,Hereford,200,23,2,26
5/30/17 12:25,5/30/17 12:29,0,216.177.181.57,100,227,1,5/30/17 12:29,R_ZaQhy60ijJGnq3D,,,,,29.89860535,-98.72170258,anonymous,1,5,3,6,2,3,3,6,5,3,4,4,3,2,3,3,3,4,4,3,4,4,4,5,4,4,3,3,3,4,5,5,3,3,4,1,1,6,1,1,1,6,4,5,5,5,4,3,3,28,72,1,1,,50,28,2,45
5/30/17 12:25,5/30/17 12:30,0,50.234.126.194,100,317,1,5/30/17 12:30,R_2SlshXXhviXU0h3,,,,,29.82279968,-81.96479797,anonymous,1,6,5,6,1,6,6,6,5,6,6,6,6,5,4,4,4,6,4,1,1,1,1,1,2,1,1,2,5,5,5,5,3,3,6,1,5,2,2,2,1,6,6,1,1,6,5,2,2,55,45,"2,5",3,Beefmaster,17,45,1,10
5/30/17 11:40,5/30/17 12:58,0,47.50.163.246,100,4651,1,5/30/17 12:58,R_3EbRAtTnAhD4NqV,,,,,37.81460571,-90.55210114,anonymous,1,6,4,5,3,3,4,4,3,4,4,5,4,4,4,4,4,6,4,1,1,1,2,2,1,3,3,3,5,5,4,4,3,2,6,1,4,6,1,3,1,4,4,6,1,3,2,3,3,61,39,2,1,,450,39,2,26
5/30/17 13:22,5/30/17 13:27,0,98.100.99.134,100,280,1,5/30/17 13:27,R_yPV54y32ADfybcZ,,,,,38.96040344,-94.57640076,anonymous,1,6,5,6,3,2,2,4,4,6,6,6,5,4,4,6,6,5,5,2,3,2,1,4,1,2,2,4,5,5,5,5,4,4,5,1,3,1,4,1,1,5,5,1,1,4,1,3,4,45,55,"2,5,6",3,Hereford,N/A,27,1,44
5/30/17 13:25,5/30/17 13:32,0,174.255.142.172,100,392,1,5/30/17 13:32,R_1kZWVWEV9Cb7Ag0,,,,,37.75100708,-97.8219986,anonymous,1,5,1,6,1,3,2,4,4,4,4,6,3,2,2,3,1,3,2,1,3,2,3,2,1,1,1,1,5,5,3,3,4,3,6,6,6,2,2,1,1,6,3,1,2,6,2,2,2,50,50,"2,5",3,Beefmaster,N/A,20,1,26
5/30/17 13:45,5/30/17 13:55,0,70.195.79.32,100,643,1,5/30/17 13:55,R_SZhvpmPN2We0oud,,,,,38.60890198,-90.21479797,anonymous,1,6,3,6,3,5,5,4,4,6,5,6,6,6,6,5,5,6,6,1,2,1,2,2,1,1,1,1,5,5,4,4,3,3,6,1,3,6,1,1,1,4,4,3,1,4,3,5,5,50,50,4,1,,18,29,2,26
5/30/17 14:33,5/30/17 14:39,0,107.77.200.152,100,358,1,5/30/17 14:39,R_12PxjZJkW8HrKCV,,,,,35.46760559,-97.5164032,anonymous,1,4,4,6,2,4,1,5,3,4,5,5,5,5,5,6,5,6,5,1,4,3,3,1,1,1,3,5,3,5,3,5,3,3,6,1,1,5,1,3,1,5,5,3,1,4,2,1,3,24,76,"4,5,6",3,Beefmaster,80,43,1,45
5/30/17 15:30,5/30/17 15:37,0,67.206.101.109,100,438,1,5/30/17 15:37,R_1DHz5Q7Dji3KxQc,,,,,34.48469543,-96.95860291,anonymous,1,6,3,4,6,3,3,3,3,6,2,5,5,3,6,5,5,6,3,1,3,1,3,1,1,1,1,1,5,4,3,3,3,2,6,1,1,1,1,1,1,6,6,1,1,6,1,1,1,70,30,5,1,,60,39,1,37
5/30/17 16:07,5/30/17 16:08,0,58.6.200.15,100,37,1,5/30/17 16:08,R_1j8mq5BTSjSriya,,,,,-27.47320557,153.0215149,anonymous,2,,,,,,,,,,,,,,,,,,,,,,,,,,,,,,,,,,,,,,,,,,,,,,,,,,,,,,,,,53
5/30/17 19:36,5/30/17 19:41,0,75.91.169.81,100,313,1,5/30/17 19:41,R_3iX1BwNcVJ8Pazp,,,,,36.792099,-84.81030273,anonymous,1,6,6,6,6,6,4,6,3,6,2,6,6,4,6,6,6,6,6,3,3,3,4,1,1,1,1,1,5,5,5,3,3,3,6,1,1,2,1,1,1,6,6,5,5,6,6,4,5,79,21,"1,2,5,6",3,Beefmaster,44,40,1,18
5/30/17 19:44,5/30/17 19:50,0,98.67.142.199,100,364,1,5/30/17 19:50,R_BD2pDvC2BNtqFLH,,,,,31.28149414,-92.46929932,anonymous,1,5,3,6,2,5,4,5,4,4,6,6,6,6,4,4,4,6,3,3,2,3,3,2,1,1,5,4,5,5,3,4,5,5,6,1,1,1,1,1,1,6,6,2,2,6,2,2,6,62,38,5,3,,40,54,1,19
5/30/17 22:37,5/30/17 22:49,0,66.63.229.4,100,699,1,5/30/17 22:49,R_2aFsQ3ZbOeKhG9n,,,,,30.12640381,-96.6996994,anonymous,1,5,2,6,3,5,3,5,5,5,6,6,5,3,7,5,5,2,6,1,3,1,2,2,2,3,4,3,4,5,4,3,3,3,6,1,1,6,1,1,1,5,5,2,2,3,4,3,4,30,70,"2,3,5,6",3,Beefmaster ,60,42,1,45
5/31/17 11:34,5/31/17 11:38,0,207.160.89.245,100,245,1,5/31/17 11:38,R_3LjvtrxsTyiCrfw,,,,,37.31350708,-89.9733963,anonymous,1,6,6,6,4,5,5,5,3,6,6,6,6,6,5,4,4,6,4,1,2,2,2,2,1,1,1,3,5,5,4,4,4,3,6,1,1,1,1,1,4,5,5,3,3,5,5,4,3,50,50,"2,5",3,Red Angus ,200,46,1,26
5/31/17 11:41,5/31/17 11:49,0,209.169.201.248,100,503,1,5/31/17 11:49,R_1MWenTLrUMfGAVM,,,,,47.40319824,-95.41220093,anonymous,1,6,6,6,3,6,5,3,3,6,6,6,6,6,6,6,6,6,6,1,2,1,1,2,1,1,1,1,5,5,5,4,3,4,6,1,1,6,1,5,6,6,6,4,4,5,3,6,3,50,50,"3,4,5,6",3,red angus,100,73,1,24
5/31/17 12:54,5/31/17 13:10,0,174.219.130.187,100,940,1,5/31/17 13:10,R_3nUWGgREQ9A8J6G,,,,,45.00590515,-93.43049622,anonymous,1,4,3,6,2,3,2,4,3,6,6,6,5,6,5,3,3,2,3,2,3,3,3,2,1,2,2,3,4,4,4,5,3,3,6,1,1,5,1,1,1,3,2,1,1,3,3,2,3,38,62,"1,5",3,Red Angus,120,46,2,24
5/31/17 19:52,5/31/17 19:59,0,107.77.219.90,100,425,1,5/31/17 19:59,R_2vdgC0iBrGom7Wh,,,,,29.75100708,-95.61299896,anonymous,1,6,6,6,6,6,5,4,3,7,6,6,6,6,5,5,5,5,5,1,1,1,1,1,1,1,1,1,5,5,3,5,5,4,6,1,1,1,1,2,6,6,6,6,5,6,4,3,4,62,38,1,3,Beefmaster,45,57,1,45
5/31/17 20:26,5/31/17 20:33,0,108.171.133.175,100,445,1,5/31/17 20:33,R_1eDaaBYz8Bb2xn8,,,,,34.05439758,-118.2440033,anonymous,1,6,2,6,2,3,3,2,5,5,5,6,6,4,4,4,4,3,3,1,2,1,2,1,1,1,2,1,5,5,5,2,1,1,6,1,1,1,1,1,1,4,2,1,1,4,3,3,3,64,36,"2,3,5,6",1,,250,46,1,26
5/31/17 20:37,5/31/17 20:45,0,172.242.143.131,100,531,1,5/31/17 20:45,R_3prMtDrxz6FWEK5,,,,,46.93629456,-93.21260071,anonymous,1,6,4,5,2,5,3,5,3,6,4,5,5,4,2,6,6,3,5,1,3,2,3,3,1,1,2,2,4,4,3,4,3,1,6,1,3,6,1,1,1,3,3,2,2,3,5,3,3,60,40,"2,5",3,Red Angus,175,36,2,24
5/31/17 21:08,5/31/17 21:13,0,64.134.189.253,100,338,1,5/31/17 21:13,R_3HZJew6mpdt46gA,,,,,28.63439941,-81.62210083,anonymous,1,6,4,6,3,6,5,5,4,6,6,5,5,4,3,6,6,6,4,1,2,3,4,2,1,1,1,3,5,5,3,4,3,3,6,1,1,1,1,1,1,5,5,1,1,5,1,5,3,50,50,"2,5,6",3,"Angus, Balancer",100,55,1,6
5/31/17 21:44,5/31/17 21:53,0,208.126.25.125,100,525,1,5/31/17 21:53,R_2rU6HKgo6Vm5nCQ,,,,,40.73260498,-91.96440125,anonymous,1,3,2,6,3,3,2,5,4,2,3,3,3,2,2,3,3,2,3,1,3,1,3,1,1,3,4,5,2,5,3,4,3,3,6,1,1,3,1,1,1,3,3,1,1,4,3,2,3,13,87,"5,6",3,red angus,120,54,1,16
5/31/17 22:49,5/31/17 22:58,0,216.128.110.156,100,542,1,5/31/17 22:58,R_w5x9n7kwqkZBUMF,,,,,46.84269714,-122.8500977,anonymous,1,6,6,6,1,5,1,5,5,6,6,6,6,6,3,3,3,1,5,1,1,1,1,3,1,1,2,3,5,4,4,3,3,3,6,1,1,1,1,4,1,5,5,3,1,1,1,4,4,64,36,4,3,Red Angus,20,70,1,49
6/1/17 7:19,6/1/17 7:27,0,174.223.4.81,100,481,1,6/1/17 7:27,R_rjUDMqwuJfD86nn,,,,,32.46099854,-84.98770142,anonymous,1,6,4,6,4,6,6,5,5,5,5,6,5,6,4,4,4,6,6,4,2,3,3,3,3,1,1,1,5,5,3,4,3,3,6,3,3,3,3,1,4,5,5,5,4,6,2,5,4,49,51,"2,5,6",1,,400 cows,24,1,48
6/1/17 7:21,6/1/17 7:30,0,209.161.48.168,100,526,1,6/1/17 7:30,R_3pauhHaWc6TdoXM,,,,,44.7776947,-106.8386002,anonymous,1,6,4,6,2,5,2,2,3,6,6,5,5,6,4,5,5,1,1,1,2,1,1,1,1,1,1,1,5,5,4,4,3,3,6,1,1,1,1,1,1,5,5,1,1,5,4,3,2,60,40,"2,5",3,Red Angus,100,63,1,52
6/1/17 9:11,6/1/17 9:12,0,72.175.213.114,100,14,1,6/1/17 9:12,R_0Jp6PHbnLBbGVXz,,,,,45.65109253,-111.1776962,anonymous,2,,,,,,,,,,,,,,,,,,,,,,,,,,,,,,,,,,,,,,,,,,,,,,,,,,,,,,,,,27
6/1/17 10:00,6/1/17 10:07,0,166.182.80.126,100,412,1,6/1/17 10:07,R_1OxKJaKI2gnFkgF,,,,,37.75100708,-97.8219986,anonymous,1,4,4,5,2,2,1,4,4,7,4,4,4,2,7,2,2,2,7,3,1,2,1,1,1,1,1,1,4,3,3,4,4,3,6,1,1,1,1,1,1,2,2,2,2,4,2,1,3,62,38,2,1,,Na,34,1,26
6/1/17 12:04,6/1/17 12:04,0,158.130.25.91,100,12,1,6/1/17 12:04,R_D2h5cE52pTAiUi5,,,,,39.95970154,-75.19680023,anonymous,2,,,,,,,,,,,,,,,,,,,,,,,,,,,,,,,,,,,,,,,,,,,,,,,,,,,,,,,,,39
6/1/17 12:00,6/1/17 12:08,0,129.123.207.235,100,456,1,6/1/17 12:08,R_10o7inAJM8rXpbU,,,,,41.64120483,-111.8965988,anonymous,1,1,2,6,1,2,2,5,5,5,5,5,2,3,3,1,1,1,7,2,3,3,1,4,3,1,1,3,3,4,5,3,4,4,5,1,5,5,1,2,1,3,2,3,1,5,3,3,4,5,95,"2,5",1,,250,42,1,46
6/1/17 15:02,6/1/17 15:09,0,97.45.2.208,100,390,1,6/1/17 15:09,R_1eUDe8r97qViTs2,,,,,33.58009338,-85.07659912,anonymous,1,6,2,6,2,5,5,4,3,5,2,6,6,6,1,5,1,2,6,1,1,1,1,1,1,1,1,1,5,5,4,3,3,3,6,1,2,5,1,1,1,6,6,1,1,6,1,6,3,60,40,"2,5",3,Angus and Simmental,250,33,1,1
6/1/17 22:29,6/1/17 22:36,0,174.125.10.66,100,442,1,6/1/17 22:36,R_sZ5k2dSWQumcAal,,,,,38.78999329,-90.85489655,anonymous,1,6,3,5,1,5,2,3,4,5,4,5,6,3,4,4,4,6,4,1,2,2,1,1,1,1,1,3,5,4,4,4,3,3,6,1,1,1,3,3,3,2,3,1,1,4,1,4,4,80,20,"5,6",3,Angus & Simmental,550,52,1,26
6/2/17 7:12,6/2/17 7:18,0,162.236.220.108,100,353,1,6/2/17 7:18,R_1DA0qzrumgC7ydL,,,,,32.5151062,-92.62619781,anonymous,1,2,3,6,5,6,5,5,4,3,5,3,5,6,4,5,2,3,5,3,3,3,3,3,3,3,3,3,3,5,5,5,4,4,6,2,6,2,2,2,1,4,4,1,1,5,2,5,4,49,51,"1,2,3,4",1,,20,19,2,19
6/2/17 7:55,6/2/17 8:09,0,70.196.12.40,100,822,1,6/2/17 8:09,R_3nc99HCQRnH606g,,,,,32.77870178,-96.82170105,anonymous,1,6,5,5,3,4,2,4,2,5,5,6,6,2,4,2,2,3,4,3,1,3,3,1,1,1,1,2,4,4,4,4,3,2,5,1,1,1,1,4,3,5,3,2,1,5,3,1,2,40,60,"4,6",3,Beefmaster,N/A,59,2,45
6/2/17 8:25,6/2/17 8:32,0,66.193.240.6,100,405,1,6/2/17 8:32,R_3qlIE5wc6KdLQXp,,,,,29.75100708,-95.61299896,anonymous,1,5,3,6,3,5,4,5,3,4,5,5,5,5,4,4,4,5,5,2,3,2,3,3,2,1,2,2,3,5,4,3,4,3,6,1,5,4,3,1,1,5,5,3,3,5,4,2,3,40,60,"2,5",3,Beefmaster,45,32,1,45
6/2/17 8:32,6/2/17 8:41,0,70.215.134.38,100,531,1,6/2/17 8:41,R_116kIKwLW5pB4tr,,,,,34.76950073,-92.26709747,anonymous,1,6,1,6,1,2,1,6,3,6,6,5,3,2,2,5,5,1,1,2,4,3,3,2,1,1,3,3,3,5,5,5,5,2,6,1,1,3,1,1,1,5,5,4,1,4,6,1,4,49,51,2,3,Beefmaster,100+,65,2,44
6/2/17 9:20,6/2/17 9:46,0,208.71.234.131,100,1523,1,6/2/17 9:46,R_237vfGDr9sV86Sb,,,,,33.94099426,-83.43409729,anonymous,1,6,5,5,2,5,3,1,1,6,1,5,4,2,5,4,5,6,4,1,1,1,1,1,1,1,1,1,5,4,4,4,2,1,6,1,4,1,3,1,1,2,5,1,1,6,3,6,1,84,16,"5,6",3,Shorthorn,150,34,1,15
6/2/17 9:43,6/2/17 9:55,0,75.105.203.153,100,695,1,6/2/17 9:55,R_3hzOIIScr7kZKZ9,,,,,35.603302,-95.47640228,anonymous,1,3,1,5,2,1,1,5,4,7,5,4,3,4,7,7,3,1,1,3,2,4,2,4,5,3,1,5,3,5,5,4,4,3,6,1,1,3,1,1,1,5,3,2,1,2,2,1,3,30,70,1,1,,26,54,1,45
6/2/17 10:11,6/2/17 10:16,0,107.77.197.128,100,256,1,6/2/17 10:16,R_2S6qX2L1y8wEQLU,,,,,32.77870178,-96.82170105,anonymous,1,6,5,6,2,6,2,6,3,6,6,5,5,6,4,6,6,6,5,4,1,2,2,2,1,1,3,2,4,5,4,3,5,4,6,1,6,1,1,1,1,4,5,1,6,3,6,2,2,40,60,"2,4,6",3,Beefmaster ,100,25,1,45
6/2/17 10:13,6/2/17 10:29,0,70.182.168.67,100,943,1,6/2/17 10:29,R_2zMel6dWqpsw3l1,,,,,36.16900635,-94.45639801,anonymous,1,6,3,6,6,6,2,5,5,3,4,6,6,4,3,6,6,6,6,1,4,2,2,2,1,2,2,2,5,5,3,3,4,4,6,1,3,3,1,1,1,5,5,2,1,5,5,1,3,50,50,"2,5,6",3,Beefmaster,100,37,1,4
6/2/17 11:37,6/2/17 11:42,0,107.77.220.78,100,282,1,6/2/17 11:42,R_1hz49bz7HjQGZb6,,,,,29.77020264,-95.3628006,anonymous,1,5,3,6,5,6,6,4,6,5,5,5,3,2,4,5,4,4,4,3,4,3,3,3,3,3,3,3,3,5,5,5,5,5,6,6,6,6,6,6,6,6,6,6,6,6,6,6,6,53,47,5,1,,20,22,1,45
6/2/17 13:07,6/2/17 13:12,0,66.87.120.237,100,291,1,6/2/17 13:12,R_3hbFUBZZtVl4zMK,,,,,29.77020264,-95.3628006,anonymous,1,3,1,6,1,3,3,4,3,1,3,1,1,1,7,7,1,7,7,3,2,2,2,1,2,1,2,2,3,5,5,5,4,4,4,1,1,4,1,6,1,3,3,1,2,4,2,1,1,31,69,"2,4",1,,7,49,2,45
6/2/17 13:18,6/2/17 13:26,0,199.145.187.75,100,497,1,6/2/17 13:26,R_2wt4yNOrSVGF6sH,,,,,39.64559937,-79.94329834,anonymous,1,6,6,6,2,4,2,3,4,6,6,6,6,6,6,6,6,6,6,1,1,1,1,2,1,4,3,5,5,4,3,4,3,3,6,1,1,5,1,5,1,2,4,3,1,6,4,2,3,60,40,"3,4,5,6",3,Hereford,60,44,1,50
6/2/17 13:37,6/2/17 13:42,0,70.215.194.239,100,275,1,6/2/17 13:42,R_2fH6oUwjgQiFhh9,,,,,36.15400696,-95.99279785,anonymous,1,3,2,6,3,3,3,5,3,4,4,3,3,3,4,2,2,3,3,2,4,3,2,3,1,2,1,3,4,5,3,4,3,2,5,2,5,5,5,1,1,4,5,1,1,3,1,3,4,40,60,5,3,Hereford and Simmental,200,30,2,37
6/2/17 14:05,6/2/17 14:06,0,12.196.110.66,100,35,1,6/2/17 14:06,R_74l5wPBFIatpQtP,,,,,39.08369446,-94.58380127,anonymous,2,,,,,,,,,,,,,,,,,,,,,,,,,,,,,,,,,,,,,,,,,,,,,,,,,,,,,,,,,26
6/2/17 14:05,6/2/17 14:15,0,75.137.44.38,100,567,1,6/2/17 14:15,R_2QgnLFmmy2DcTD8,,,,,35.6730957,-83.45700073,anonymous,1,6,5,6,3,5,3,4,4,5,6,6,6,6,1,6,6,6,6,1,1,2,1,1,1,1,1,1,5,5,5,3,3,5,6,1,4,2,1,3,1,5,5,4,2,5,5,4,4,72,28,"2,4",3,Angus,55,54,1,44
6/2/17 14:26,6/2/17 14:30,0,199.154.201.79,100,234,1,6/2/17 14:30,R_DqJj3fIx81jKbVT,,,,,43.35600281,-100.0037003,anonymous,1,6,5,6,4,6,6,6,5,5,6,6,6,6,4,5,5,6,5,1,3,3,2,2,1,1,1,1,5,5,4,5,5,3,5,2,5,5,2,2,2,5,5,3,3,5,5,5,5,41,59,"2,3,5,6",3,angus,150,29,2,43
6/2/17 14:21,6/2/17 14:37,0,75.170.22.127,100,996,1,6/2/17 14:37,R_1ie1CBrJUshmLlO,,,,,44.10270691,-123.1341019,anonymous,1,5,5,6,1,2,2,2,3,5,5,5,4,5,5,4,3,5,6,1,1,1,1,1,1,1,3,4,3,5,5,4,1,3,6,1,1,2,1,1,1,5,5,2,1,6,3,2,3,40,60,"2,5",1,,90,64,2,38
6/2/17 14:33,6/2/17 14:42,0,68.238.196.231,100,515,1,6/2/17 14:42,R_pQ6pJPeabYhZkvn,,,,,40.41799927,-75.51570129,anonymous,1,6,5,6,3,6,5,2,3,4,6,4,5,2,2,2,3,1,1,1,4,3,4,3,2,1,3,2,5,5,4,3,4,4,3,1,1,3,1,1,1,3,5,1,1,4,4,5,3,80,20,4,3,Herefords,12,80,1,39
6/2/17 14:52,6/2/17 14:58,0,99.195.214.64,100,384,1,6/2/17 14:58,R_3EcZK3nHjnA7Q1E,,,,,36.66960144,-93.2614975,anonymous,1,6,5,6,2,4,4,5,2,6,6,6,6,6,6,6,6,6,6,1,2,1,2,2,1,1,1,2,5,5,4,4,3,1,6,1,1,5,1,1,1,1,6,2,1,5,1,4,1,80,20,2,1,,65,65,1,26
6/2/17 14:55,6/2/17 15:02,0,173.18.128.230,100,415,1,6/2/17 15:02,R_cZUrZloeGmLjADT,,,,,29.84089661,-85.26899719,anonymous,1,3,3,6,1,5,1,4,3,7,2,4,4,4,7,3,1,7,7,4,3,4,3,2,1,1,1,2,3,5,5,5,5,5,6,1,1,1,1,1,1,6,6,3,1,4,3,1,2,40,60,"2,6",3,Beefmaster ,50,63,2,11
6/2/17 15:04,6/2/17 15:14,0,74.42.63.148,100,573,1,6/2/17 15:14,R_2D6yzM2f1hxTVBm,,,,,36.0480957,-85.01979828,anonymous,1,5,5,6,1,4,2,5,2,2,2,4,4,4,2,3,3,2,2,2,1,1,1,1,1,3,3,4,3,5,3,5,5,3,6,1,1,5,1,3,1,6,6,2,2,5,6,2,6,20,80,"2,5,6",3,Hereford,60,65,1,44
6/2/17 15:12,6/2/17 15:22,0,209.203.170.7,100,640,1,6/2/17 15:22,R_1QuYDfTQySd09wx,,,,,37.37269592,-100.2071991,anonymous,1,5,2,6,2,5,2,5,3,6,6,6,6,6,6,6,6,6,6,2,3,2,2,4,1,1,1,2,5,5,5,2,3,2,6,6,6,2,1,1,1,5,5,3,2,5,5,2,5,50,50,"2,3",1,,150,33,1,17
6/2/17 15:23,6/2/17 15:30,0,23.228.141.183,100,371,1,6/2/17 15:30,R_2rAsK4vohPPLkqM,,,,,39.0572052,-94.59329987,anonymous,1,6,5,6,2,5,3,5,5,5,6,6,6,6,1,5,5,6,5,2,4,2,1,1,1,2,2,4,5,5,4,3,5,5,6,1,3,5,1,5,1,5,5,1,3,5,5,5,6,29,71,"5,6",1,,200,35,2,17
6/2/17 16:22,6/2/17 16:32,0,70.215.200.81,100,585,1,6/2/17 16:32,R_3CZ5AMtkkKV7G7n,,,,,36.04020691,-95.87960052,anonymous,1,6,5,4,1,5,2,2,2,6,6,6,6,6,4,4,3,3,7,1,2,1,1,1,1,1,1,1,5,5,3,5,3,2,6,1,1,5,1,2,1,5,5,1,2,5,1,2,3,74,26,"2,5",3,Gelbvieh,85,48,2,45
6/2/17 16:39,6/2/17 16:45,0,75.175.239.80,100,340,1,6/2/17 16:45,R_3M4mfbcwFakt4ZK,,,,,46.98460388,-114.1212997,anonymous,1,6,5,6,4,2,2,5,5,6,6,6,6,6,6,6,6,4,6,1,4,1,3,3,1,1,3,3,5,5,4,5,4,4,6,1,1,6,1,6,1,6,6,3,1,6,6,1,5,50,50,2,3,Angus,450,62,2,27
6/2/17 16:35,6/2/17 16:47,0,24.112.236.2,100,724,1,6/2/17 16:47,R_1QAhTEDO8jkFKuP,,,,,40.86839294,-82.31490326,anonymous,1,6,5,6,3,5,4,5,4,5,5,4,5,5,4,5,5,4,5,1,4,4,4,3,4,4,4,4,5,5,4,4,4,4,6,1,1,4,1,5,1,5,5,3,3,5,5,5,5,43,57,"5,6",3,Hereford,200,58,2,36
6/2/17 16:51,6/2/17 16:55,0,199.255.65.214,100,229,1,6/2/17 16:55,R_AMewsuznPQPuRHj,,,,,36.4315033,-88.3513031,anonymous,1,3,4,6,1,3,2,5,5,4,4,4,4,4,4,3,3,4,4,3,4,4,3,3,1,3,4,4,3,4,3,4,3,2,6,1,3,3,1,1,1,4,3,2,2,4,3,3,4,25,75,"2,5,6",3,Brangus,70,32,2,44
6/2/17 16:49,6/2/17 16:57,0,108.70.164.68,100,486,1,6/2/17 16:57,R_3hrUGjVlO6R5nwG,,,,,33.48109436,-84.47979736,anonymous,1,6,5,6,5,5,5,6,5,5,6,6,6,6,6,6,6,4,6,1,2,2,2,1,1,1,2,1,5,4,2,3,4,4,6,1,1,5,1,2,1,5,5,5,5,5,5,3,5,80,20,5,3,Brangus,35,71,1,11
6/2/17 16:46,6/2/17 16:57,0,107.77.219.117,100,631,1,6/2/17 16:57,R_2D8ifWzKTvIJOfS,,,,,29.75100708,-95.61299896,anonymous,1,3,1,6,1,1,2,5,3,1,4,3,1,4,1,1,1,1,1,4,5,4,4,3,2,3,1,1,2,5,5,2,3,2,6,1,1,3,1,2,1,2,3,1,1,3,2,1,5,16,84,1,3,Beefmaster,40,51,2,45
6/2/17 16:54,6/2/17 17:05,0,64.234.247.216,100,676,1,6/2/17 17:05,R_2f3rgWZBVJcm0n5,,,,,40.30749512,-104.4516983,anonymous,1,6,5,6,2,4,1,4,3,5,6,6,6,5,3,5,5,5,5,1,4,2,3,1,1,1,4,4,4,5,3,4,4,3,5,1,1,1,1,6,1,4,5,2,2,2,5,2,4,50,50,"2,5,6",3,hereford,350,70,2,6
6/2/17 16:54,6/2/17 17:06,0,107.77.196.189,100,744,1,6/2/17 17:06,R_2f8bJVKub5yDRte,,,,,32.81509399,-97.17340088,anonymous,1,6,5,6,5,6,2,5,5,6,6,6,6,6,6,6,6,7,7,1,1,1,1,1,1,1,1,1,5,5,3,5,3,3,3,1,1,1,1,1,5,4,5,1,1,4,1,1,5,45,55,"5,6",3,Brangus,259,70,1,45
6/2/17 17:15,6/2/17 17:23,0,72.2.248.4,100,504,1,6/2/17 17:23,R_3dLjdCZLxibFOU3,,,,,37.96969604,-86.15190125,anonymous,1,6,4,6,3,6,6,6,5,5,6,6,6,6,5,4,5,4,5,3,1,1,3,4,1,2,1,2,5,5,4,4,5,4,6,1,1,5,5,4,1,4,5,5,1,5,5,2,5,62,38,"2,5",3,Hereford,60,59,1,18
6/2/17 17:11,6/2/17 17:35,0,166.217.94.98,100,1460,1,6/2/17 17:35,R_1FQifi1MMQZqsvr,,,,,32.77870178,-96.82170105,anonymous,1,5,2,4,2,5,2,3,3,6,4,5,5,3,2,5,4,2,2,1,4,1,3,1,5,1,3,1,5,4,4,4,3,3,5,1,1,5,1,5,1,4,4,3,1,3,4,3,4,59,41,"2,5,6",3,hereford,55,60,1,26
6/2/17 17:47,6/2/17 17:55,0,184.6.104.104,100,483,1,6/2/17 17:55,R_23gbAy7JaV0f7Xy,,,,,38.55160522,-92.27449799,anonymous,1,4,3,6,3,3,3,5,3,7,6,6,6,6,4,6,3,4,4,2,4,4,4,3,3,3,4,4,3,5,3,5,5,3,6,1,1,3,1,2,1,6,6,1,1,6,4,1,3,40,60,2,3,Beefmaster,80,59,1,26
6/2/17 17:50,6/2/17 17:59,0,108.234.56.245,100,543,1,6/2/17 17:59,R_1ezcytTOf7ruRyf,,,,,36.17370605,-94.08000183,anonymous,1,6,4,6,4,5,2,6,5,5,6,6,6,5,5,6,6,5,5,3,4,4,3,3,4,2,4,3,5,4,4,4,4,3,6,1,1,6,1,5,1,5,6,5,5,4,5,2,2,75,25,"1,2,5",3,beefmasters,350,72,1,4
6/2/17 17:58,6/2/17 18:07,0,96.33.241.238,100,532,1,6/2/17 18:07,R_sSeVGCdDca27CmZ,,,,,35.67849731,-84.0848999,anonymous,1,6,5,6,2,3,4,4,2,6,6,6,6,6,6,6,6,5,4,2,3,3,3,4,2,2,2,3,5,4,4,2,3,3,5,1,1,1,1,5,1,5,5,3,2,4,3,4,3,62,38,"3,5",3,Balancer,76,64,1,25
6/2/17 18:15,6/2/17 18:25,0,172.242.116.156,100,597,1,6/2/17 18:25,R_2rI9BKUBqDSyBrg,,,,,28.74659729,-97.01650238,anonymous,1,6,2,5,3,3,3,5,3,5,5,4,4,4,4,5,4,5,5,2,3,3,3,2,1,1,1,1,4,4,3,3,3,3,5,1,1,5,1,1,2,3,4,2,1,3,2,2,3,60,40,"2,3,5",1,,500,62,1,45
6/2/17 18:40,6/2/17 18:47,0,107.77.197.91,100,416,1,6/2/17 18:47,R_2qjvJuhmqYwuPx6,,,,,32.77870178,-96.82170105,anonymous,1,3,1,6,1,4,1,3,3,7,4,4,4,4,7,7,4,7,7,4,5,5,4,4,3,3,4,4,3,5,4,4,3,3,6,1,1,6,1,1,1,6,6,4,2,3,1,1,2,50,50,1,1,,85,60,2,45
6/2/17 18:49,6/2/17 18:57,0,64.185.61.139,100,488,1,6/2/17 18:57,R_2ZJpZxrgkD7s6iD,,,,,34.5617981,-103.0802002,anonymous,1,5,3,6,2,3,3,5,5,5,5,5,5,5,3,3,3,2,3,4,4,4,4,4,2,3,4,4,4,5,3,3,4,4,6,1,1,1,1,1,1,4,4,2,5,4,3,1,5,27,73,"5,6",3,Brangus ,100,71,1,32
6/2/17 18:54,6/2/17 18:59,0,73.86.137.123,100,313,1,6/2/17 18:59,R_3h59D2UgdM0ZxgA,,,,,39.35549927,-77.47750092,anonymous,1,6,5,2,2,6,3,4,4,6,6,6,6,6,3,6,6,6,2,1,1,1,1,1,1,1,1,1,5,4,3,3,2,2,6,1,1,2,1,2,1,6,6,1,1,6,1,2,2,73,27,"1,5,6",3,Angus,20,62,1,21
6/2/17 19:19,6/2/17 19:27,0,107.77.218.160,100,462,1,6/2/17 19:27,R_2a8G2rpfaXIWk28,,,,,29.96910095,-95.69719696,anonymous,1,3,1,6,1,3,3,3,1,7,5,4,2,2,7,3,2,1,1,3,3,3,1,2,1,3,4,4,3,5,4,3,3,1,5,1,5,1,5,1,1,2,4,2,1,2,2,1,1,20,80,"2,3,5",3,Beefmaster,N/A,18,2,45
6/2/17 19:46,6/2/17 19:52,0,172.79.25.132,100,411,1,6/2/17 19:52,R_bCsxtCXI9qcgXFT,,,,,35.87130737,-84.98349762,anonymous,1,6,3,6,2,5,3,3,2,6,4,5,5,5,5,5,6,6,5,1,1,1,1,1,1,1,1,3,5,5,4,4,3,3,6,1,1,1,1,1,6,5,5,3,2,6,3,6,5,60,40,5,3,Simmental,120,47,1,44
6/2/17 20:05,6/2/17 20:12,0,66.128.163.139,100,375,1,6/2/17 20:12,R_2mGrTofWFxlABPj,,,,,45.09379578,-97.46330261,anonymous,1,6,3,6,4,5,3,5,3,6,6,5,4,6,3,3,3,4,6,1,2,1,2,1,5,1,1,3,5,5,3,5,4,4,6,1,1,1,1,1,1,4,6,1,1,4,2,4,5,50,50,"5,6",3,Angus,110,67,1,43
6/2/17 20:09,6/2/17 20:17,0,99.128.246.200,100,506,1,6/2/17 20:17,R_3KNsVKygLu2RbJA,,,,,29.96620178,-94.20269775,anonymous,1,2,1,6,1,4,2,5,3,7,3,3,2,1,7,7,7,2,7,4,4,4,4,3,2,3,3,3,2,5,3,4,4,3,6,1,1,3,1,5,1,5,5,5,3,3,4,1,2,53,47,1,1,,16,51,2,45
6/2/17 20:26,6/2/17 20:33,0,67.214.15.128,100,443,1,6/2/17 20:33,R_1ibz8YnCm5yZh8g,,,,,40.30090332,-76.25810242,anonymous,1,5,2,6,3,4,2,3,3,2,6,6,5,5,5,5,5,5,5,1,1,2,2,1,1,1,1,1,4,4,4,4,4,4,6,1,1,1,1,1,1,3,6,2,1,3,3,5,4,50,50,"2,5",1,,20,65,2,39
6/2/17 20:45,6/2/17 20:53,0,174.218.140.56,100,471,1,6/2/17 20:53,R_3Hqzs0gpnc0V3cd,,,,,33.9058075,-84.18029785,anonymous,1,4,2,5,5,3,2,5,5,3,4,4,4,5,2,5,4,3,5,1,1,1,3,4,1,4,4,5,3,5,4,4,3,4,6,1,1,1,1,3,1,3,3,1,1,3,1,1,5,29,71,"5,6",3,Angus Black and Red,100,51,1,11
6/2/17 21:10,6/2/17 21:22,0,70.57.16.81,100,714,1,6/2/17 21:22,R_2z6fV6hJqyi8S6l,,,,,38.478302,-107.8761978,anonymous,1,6,4,6,3,6,3,3,4,5,6,5,5,4,5,5,6,3,7,1,2,2,1,1,1,1,1,1,5,5,4,5,4,4,6,1,1,2,2,2,1,1,5,1,1,3,2,3,4,62,38,5,3,polled hereford,85,75,1,6
6/2/17 22:21,6/2/17 22:36,0,158.222.36.58,100,860,1,6/2/17 22:36,R_29blKIwDhwZQZJT,,,,,45.50379944,-109.5673981,anonymous,1,6,4,5,2,5,4,6,6,5,6,6,6,6,5,6,6,5,6,1,1,1,3,3,1,1,1,1,5,5,5,5,4,4,6,1,1,5,1,5,1,5,5,1,1,5,4,4,5,30,70,"1,2,3,5",3,hereford,275,48,1,27
6/2/17 22:39,6/2/17 22:45,0,24.170.52.137,100,381,1,6/2/17 22:45,R_1cSxztIm1TLaarK,,,,,27.74789429,-99.59570313,anonymous,1,3,1,6,3,3,3,6,2,7,6,6,6,2,7,7,2,7,7,3,3,3,4,3,3,3,3,3,4,5,5,2,3,2,6,1,1,1,5,5,1,5,5,1,1,6,1,1,1,21,79,"1,2",3,Brangus,30,49,1,45
6/2/17 22:52,6/2/17 23:02,0,208.95.17.105,100,617,1,6/2/17 23:02,R_1daSBCYqRZSyrWJ,,,,,32.83920288,-97.70330048,anonymous,1,4,1,6,2,3,4,4,3,2,5,4,3,2,2,2,2,2,2,3,3,3,3,4,3,3,3,3,4,5,5,4,4,3,6,1,1,4,1,4,1,2,4,4,2,5,1,1,1,21,79,"1,4",1,,35,56,1,45
6/3/17 0:46,6/3/17 1:03,0,70.195.4.209,100,1029,1,6/3/17 1:03,R_blmQmBJWZFUSzpb,,,,,39.09970093,-94.57859802,anonymous,1,6,6,6,3,2,1,5,1,6,6,4,6,6,3,6,6,4,5,1,2,1,4,3,1,1,1,1,5,5,4,4,4,3,6,1,1,1,5,1,1,4,5,1,1,4,5,4,4,60,40,"2,5",4,,400,66,1,17
6/3/17 4:10,6/3/17 4:20,0,64.124.184.242,100,590,1,6/3/17 4:20,R_bxPIXLq0xRlIcY9,,,,,41.99740601,-117.7182007,anonymous,1,6,5,5,2,6,5,2,3,6,4,5,5,3,6,4,5,4,2,1,1,2,2,1,4,2,1,2,5,5,3,5,4,3,6,1,1,3,1,1,1,5,5,5,2,5,5,5,4,81,19,"2,4",3,Gelbvieh,81,58,2,29
6/3/17 5:25,6/3/17 5:31,0,66.63.234.73,100,351,1,6/3/17 5:31,R_2TYqvqxvKb5sHj6,,,,,29.90240479,-96.48059845,anonymous,1,3,3,6,2,5,3,6,5,2,3,3,3,3,3,3,3,3,3,3,4,3,4,4,1,3,4,4,3,5,5,5,5,5,6,1,6,4,1,1,1,3,4,2,2,3,3,1,3,10,90,"2,3,5,6",3,Beefmaster,100,42,1,45
6/3/17 6:52,6/3/17 7:06,0,38.92.147.130,100,800,1,6/3/17 7:06,R_12a3JegCDLCuJd0,,,,,41.00360107,-98.88819885,anonymous,1,6,5,6,1,3,1,3,2,6,5,3,6,5,5,5,5,4,4,1,1,1,1,1,1,1,1,2,5,4,3,4,2,1,6,1,1,1,1,1,1,3,5,1,1,3,1,2,3,70,30,"5,6",3,Polled Hereford,160,76,1,28
6/3/17 8:40,6/3/17 8:54,0,166.182.84.172,100,842,1,6/3/17 8:54,R_2dF38s5YV7JhXfS,,,,,37.75100708,-97.8219986,anonymous,1,5,1,6,1,5,2,3,3,5,6,5,5,4,2,5,5,4,3,1,2,2,1,1,1,2,3,2,4,4,5,4,2,2,5,1,1,5,1,3,1,3,3,2,1,3,3,3,2,55,45,"2,5",3,"Angus, Red Angus, SimAngus",100,46,2,26
6/3/17 11:21,6/3/17 11:27,0,173.202.25.86,100,364,1,6/3/17 11:27,R_3Gj4IQPbxKkW9WD,,,,,36.02639771,-91.94490051,anonymous,1,5,4,6,6,3,3,5,5,6,6,6,6,5,6,4,4,4,3,3,3,3,3,4,1,1,2,2,5,5,4,4,4,4,6,1,1,5,1,5,1,5,5,5,5,5,5,3,5,81,19,2,3,Gelbvieh,N/A,58,1,4
6/3/17 12:17,6/3/17 12:27,0,174.219.6.110,100,597,1,6/3/17 12:27,R_eQHctSo4Tx4scBH,,,,,44.97999573,-93.26380157,anonymous,1,6,2,6,3,5,5,3,3,5,3,5,5,5,3,5,5,2,7,2,1,2,3,3,5,1,2,2,5,4,3,4,3,3,6,1,1,3,1,1,1,4,6,4,3,5,4,4,3,62,38,5,3,Polled Hererford,34,60,2,51
6/3/17 14:09,6/3/17 14:22,0,8.34.77.156,100,774,1,6/3/17 14:22,R_33mzaxIgH5McVnt,,,,,34.95550537,-105.995697,anonymous,1,5,5,4,2,4,2,4,3,6,6,6,6,6,5,6,6,6,5,1,3,1,1,1,1,1,1,1,5,5,4,3,5,2,6,1,1,2,1,1,1,5,5,2,3,4,2,1,3,70,30,2,1,,620,65,1,32
6/3/17 14:27,6/3/17 14:34,0,69.149.147.0,100,417,1,6/3/17 14:34,R_3F2ptHgpM7Akxvm,,,,,39.03799438,-95.72779846,anonymous,1,5,3,6,2,2,2,2,2,4,4,4,4,4,4,4,4,1,4,3,3,3,2,4,1,1,2,3,3,5,4,4,1,3,6,1,1,1,1,1,1,4,4,4,2,5,2,3,4,40,60,"2,5",3,red angus,n/a,69,1,17
6/3/17 18:18,6/3/17 18:23,0,72.169.97.92,100,320,1,6/3/17 18:23,R_zVg72CFOtZBhW49,,,,,43.03889465,-87.90650177,anonymous,1,6,6,6,1,2,1,6,3,6,6,6,6,4,6,5,5,5,7,2,4,3,3,1,1,1,3,3,5,5,3,5,5,3,6,1,1,1,1,1,3,2,4,1,1,4,1,1,5,50,50,"2,5",3,Brangus,160,65,2,5
6/3/17 19:53,6/3/17 20:01,0,67.142.113.3,100,507,1,6/3/17 20:01,R_R2gDhY3wQbq4i7T,,,,,38.57829285,-90.66660309,anonymous,1,6,6,6,3,5,5,5,3,4,4,6,6,4,3,3,6,3,7,1,2,1,2,1,1,1,1,1,5,5,4,4,3,3,6,1,1,2,1,1,1,4,3,2,2,5,4,3,3,80,20,"4,6",3,Gelbvieh ,45,65,1,26
6/3/17 22:24,6/3/17 22:28,0,64.92.33.199,100,296,1,6/3/17 22:29,R_22WHVmN0FhaTzHZ,,,,,29.73970032,-95.8302002,anonymous,1,6,6,6,6,6,6,6,3,6,6,5,5,6,5,5,5,5,5,4,4,4,4,4,2,1,2,4,4,5,4,3,4,3,6,1,1,4,1,4,1,5,6,1,6,4,3,1,4,62,38,4,1,,8,52,1,45
6/4/17 12:47,6/4/17 12:51,0,172.56.14.178,100,235,1,6/4/17 12:51,R_27m1qQANgk3T35K,,,,,29.77020264,-95.3628006,anonymous,1,4,2,6,2,4,5,6,5,3,5,5,4,5,3,3,3,3,3,2,3,2,3,4,2,3,4,3,4,5,5,4,4,4,6,1,4,1,2,6,1,3,3,1,1,5,3,3,3,15,85,"1,5",1,,150,41,2,45
6/4/17 19:23,6/4/17 19:42,0,70.215.192.254,100,1098,1,6/4/17 19:42,R_2DZJaypYCfNIinF,,,,,36.04020691,-95.87960052,anonymous,1,6,6,6,6,6,4,6,5,6,6,6,6,6,6,6,6,6,3,1,3,3,3,2,4,1,1,1,5,4,4,5,3,3,6,1,1,6,6,6,1,4,6,4,4,5,3,2,2,62,38,"2,3,6",3,polled hereford,60 cows,90,1,37
6/4/17 21:06,6/4/17 21:17,0,199.230.126.216,100,646,1,6/4/17 21:17,R_1jxgcUY6QThEqlU,,,,,42.27409363,-91.01409912,anonymous,1,6,4,6,4,5,5,4,4,5,5,5,5,5,4,5,5,5,5,1,2,2,2,1,1,1,1,1,4,5,5,4,3,3,6,1,1,3,1,4,1,5,5,1,3,6,2,5,4,39,61,"1,2,3,4,5,6",3,Angus,129,60,2,16
6/4/17 22:21,6/4/17 22:28,0,174.208.15.79,100,383,1,6/4/17 22:28,R_1nYMroqBNOdUgU4,,,,,40.76080322,-111.891098,anonymous,1,3,1,6,2,5,1,5,3,2,3,5,3,2,6,3,3,2,5,3,5,5,4,4,1,3,5,4,3,5,3,4,3,4,6,1,1,1,1,1,1,4,3,1,1,4,1,1,5,15,85,5,3,Simmental,100,41,1,13
6/4/17 22:28,6/4/17 22:34,0,70.198.45.98,100,356,1,6/4/17 22:34,R_2YVPJEkxP06jOuT,,,,,41.25630188,-95.94039917,anonymous,1,6,4,6,3,4,3,4,3,6,6,5,5,6,6,5,5,6,7,1,2,2,1,1,1,1,1,3,4,5,4,3,4,3,5,1,4,1,3,1,1,5,5,5,5,5,3,5,3,50,50,2,3,Simmental,60,27,2,43
6/4/17 22:31,6/4/17 22:36,0,66.6.7.131,100,319,1,6/4/17 22:36,R_2OVzJhNhobhGf2L,,,,,44.78210449,-96.71089935,anonymous,1,5,4,6,4,6,5,5,5,4,6,6,6,6,4,4,4,4,4,3,3,3,3,3,1,1,3,1,4,5,5,4,4,4,3,2,6,1,3,1,1,3,6,5,5,5,5,5,5,20,80,"2,5,6",3,Simmental ,20,18,2,43
6/4/17 22:37,6/4/17 22:42,0,65.23.187.241,100,259,1,6/4/17 22:42,R_3nGjP7Jvrx5hPUM,,,,,46.36010742,-98.26460266,anonymous,1,6,2,6,3,4,4,5,4,6,6,6,6,4,6,5,5,5,3,2,3,4,2,2,1,1,2,3,4,5,5,4,2,2,6,2,5,3,4,5,1,5,5,3,3,4,4,4,5,25,75,"2,5",3,Simangus,350,18,1,35
6/4/17 22:39,6/4/17 22:48,0,24.196.30.173,100,551,1,6/4/17 22:48,R_zdSwKDQ84TmC1Jn,,,,,32.60049438,-85.58339691,anonymous,1,5,1,6,1,4,4,3,3,4,4,4,3,3,4,2,2,5,5,1,3,1,2,1,1,1,1,3,4,5,4,5,3,3,5,1,3,1,1,1,1,3,3,4,1,5,1,4,4,40,60,"2,5,6",3,Simmental,100,25,2,1
6/4/17 22:44,6/4/17 22:50,0,104.169.81.182,100,386,1,6/4/17 22:50,R_2PvNRuBjTEdhtL6,,,,,39.59289551,-82.8911972,anonymous,1,6,4,5,2,5,5,5,5,4,5,4,4,4,4,3,3,5,4,2,3,3,3,3,1,1,4,4,4,5,3,4,3,3,6,1,3,1,1,1,1,3,4,2,2,4,4,3,4,25,75,"1,2,3,5,6",3,Simmental ,50,19,1,36
6/4/17 22:51,6/4/17 22:57,0,24.196.27.114,100,388,1,6/4/17 22:57,R_1JLYuRO6BYlYDmr,,,,,32.53289795,-85.50779724,anonymous,1,6,5,4,3,6,5,5,5,5,5,5,6,4,5,5,5,5,5,1,3,2,2,1,1,1,1,2,5,5,4,3,4,4,5,1,4,3,3,1,1,4,4,3,3,4,4,4,4,85,15,4,3,Angus,N/A,25,1,1
6/4/17 22:53,6/4/17 22:59,0,75.121.242.50,100,375,1,6/4/17 22:59,R_1dskulu3ppjOJGY,,,,,31.30760193,-85.88059998,anonymous,1,6,3,6,5,4,3,6,5,6,6,7,4,4,7,7,3,3,7,2,2,2,2,2,1,1,1,1,4,5,5,4,4,4,6,1,6,1,1,1,1,5,5,5,1,5,5,5,5,50,50,2,1,,50/60,27,1,1
6/4/17 22:52,6/4/17 23:01,0,199.223.221.236,100,512,1,6/4/17 23:01,R_8CXhxMrhx9KMKYh,,,,,45.5493927,-95.55470276,anonymous,1,6,5,6,4,3,3,5,3,5,2,5,5,4,3,4,5,5,7,1,4,2,2,2,1,1,2,3,5,5,4,3,3,4,5,1,5,1,1,1,1,3,5,2,2,4,3,3,4,59,41,"5,6",3,Simmental ,175,23,1,24
6/4/17 23:04,6/4/17 23:12,0,66.87.144.84,100,467,1,6/4/17 23:12,R_20O298DxlsECkIu,,,,,44.96569824,-93.18730164,anonymous,1,6,1,6,2,6,4,5,3,6,6,6,6,4,3,1,3,2,4,2,2,2,2,1,5,3,3,2,5,5,4,4,4,3,6,1,1,1,1,1,1,4,4,2,1,4,1,4,3,36,64,5,3,Angus,150,47,1,24
6/4/17 23:07,6/4/17 23:13,0,64.139.114.150,100,340,1,6/4/17 23:13,R_1o7H9whtLLIApdI,,,,,48.68009949,-119.3002014,anonymous,1,6,5,6,3,3,1,6,4,5,5,6,6,5,3,2,2,3,3,1,3,3,3,1,1,1,1,1,4,5,5,5,1,1,6,1,3,3,1,1,1,3,5,1,1,6,3,1,1,42,58,2,1,,3000,26,1,49
6/4/17 23:09,6/4/17 23:14,0,75.121.24.11,100,289,1,6/4/17 23:14,R_2rwjnbr0N6GTNiu,,,,,36.1882019,-94.23729706,anonymous,1,4,2,6,2,4,3,4,2,6,5,3,2,3,2,2,2,5,4,2,3,3,2,1,1,2,2,3,3,5,4,3,2,2,6,1,2,3,1,1,1,2,3,3,1,4,3,1,2,30,70,2,3,Simmental,5,31,2,4
6/4/17 23:14,6/4/17 23:24,0,140.190.36.31,100,595,1,6/4/17 23:24,R_1Ho7S44qy8YWLlq,,,,,43.84750366,-92.17590332,anonymous,1,6,3,6,2,3,2,3,3,6,6,6,6,5,4,2,2,5,4,1,1,1,1,2,1,1,1,1,5,5,5,3,3,3,6,1,1,4,3,1,1,4,4,1,1,3,3,3,1,33,67,"2,5",3,Simmental and Angus,60,36,1,24
6/4/17 23:02,6/4/17 23:32,0,162.244.232.48,100,1802,1,6/4/17 23:32,R_2BsreD4J5dvoG9S,,,,,48.88749695,-104.8146973,anonymous,1,5,3,6,2,5,1,5,3,5,4,6,6,6,6,6,6,6,5,2,1,2,2,1,1,1,1,2,5,5,4,4,4,3,6,1,1,5,1,1,1,5,5,1,1,4,1,1,2,70,30,2,1,,500,39,2,27
6/4/17 23:32,6/4/17 23:37,0,166.181.83.203,100,317,1,6/4/17 23:37,R_b1lD0VZC9tSQ2Vr,,,,,43.09719849,-89.50430298,anonymous,1,6,6,6,3,4,5,3,3,6,5,4,4,6,6,4,3,3,2,1,1,2,1,1,1,1,1,1,5,5,4,4,3,3,6,1,1,1,1,1,6,3,3,1,1,4,1,3,2,40,60,"5,6",3,Simmental ,200,30,1,16
6/4/17 23:41,6/4/17 23:46,0,50.96.72.44,100,345,1,6/4/17 23:46,R_1FDsqMUZYkdITz9,,,,,34.49679565,-83.5848999,anonymous,1,5,2,5,3,4,3,4,3,5,5,6,5,5,4,4,5,3,3,1,4,1,1,3,4,1,2,3,4,3,2,3,2,2,4,1,1,1,1,1,1,5,5,1,1,5,1,2,2,62,38,5,3,Hereford ,54,32,1,11
6/4/17 23:51,6/4/17 23:57,0,174.197.8.96,100,402,1,6/4/17 23:57,R_3e4UkcrMFksRZSF,,,,,42.15390015,-88.13619995,anonymous,1,4,1,6,2,3,4,3,4,5,4,4,4,3,3,2,2,3,3,1,2,1,2,2,1,3,3,4,3,5,4,4,2,3,5,1,3,1,1,1,1,3,3,1,1,4,4,2,4,15,85,"4,6",3,Simmental,90,33,1,51
6/5/17 0:17,6/5/17 0:24,0,70.179.172.213,100,435,1,6/5/17 0:24,R_30cU2cS5x1xslpO,,,,,39.10229492,-96.52459717,anonymous,1,6,6,6,1,5,5,3,1,6,6,6,6,6,6,6,6,2,5,1,2,2,1,2,1,1,1,2,5,4,5,4,2,1,5,1,1,1,1,5,1,3,3,3,1,5,3,3,1,87,13,"2,3,5",1,,870,65,1,43
6/5/17 1:58,6/5/17 2:05,0,72.168.160.135,100,442,1,6/5/17 2:05,R_2zByNFk0h2OjEy0,,,,,37.75100708,-97.8219986,anonymous,1,5,3,6,2,3,2,4,3,5,5,5,5,5,1,5,5,2,4,1,1,1,2,2,5,1,3,3,4,4,2,3,2,2,5,1,2,4,1,1,1,3,2,1,2,4,2,1,3,40,60,"5,6",3,Hereford,Na,36,1,26
6/5/17 5:30,6/5/17 5:38,0,162.72.179.111,100,438,1,6/5/17 5:38,R_11arjo0NiKPFDQ0,,,,,38.89509583,-77.03639984,anonymous,1,6,3,6,1,4,1,6,3,6,6,4,3,5,7,7,5,2,7,1,1,2,2,1,2,1,1,3,5,5,3,4,3,2,6,1,1,3,1,1,1,6,6,1,1,4,4,1,4,39,61,2,1,,50,70,2,39
6/5/17 5:36,6/5/17 5:43,0,64.68.12.91,100,416,1,6/5/17 5:43,R_1DOmSS5dkMy7HIZ,,,,,46.90060425,-101.4664993,anonymous,1,6,4,5,4,6,5,4,3,6,6,6,3,6,4,2,2,5,5,2,3,2,3,3,1,1,1,2,5,5,4,4,3,3,6,1,1,6,1,3,1,5,5,4,5,5,3,5,3,62,38,5,1,,30,30,2,35
6/5/17 5:57,6/5/17 6:06,0,74.179.193.120,100,587,1,6/5/17 6:06,R_Ab1wbm6IaQ6I1X3,,,,,35.90240479,-86.95950317,anonymous,1,6,5,6,5,6,5,3,2,6,6,6,6,5,4,4,5,3,3,2,4,3,2,2,5,3,3,3,5,5,4,4,4,4,6,1,1,1,1,3,1,4,4,2,3,3,2,5,5,62,38,5,3,Sim angus ,130,58,1,44
6/5/17 6:02,6/5/17 6:07,0,70.196.1.128,100,334,1,6/5/17 6:07,R_RkIZQZKYD1DUljj,,,,,32.94799805,-96.8132019,anonymous,1,1,3,6,2,3,3,6,3,1,1,1,1,1,1,1,1,1,1,1,5,2,4,3,1,4,5,5,1,5,1,1,1,1,6,1,1,4,1,4,6,1,1,1,1,1,1,1,1,0,100,"5,6",3,Simmental ,150,43,1,45
6/5/17 6:01,6/5/17 6:09,0,199.71.226.182,100,438,1,6/5/17 6:09,R_1rxJsqmgUYfOEmZ,,,,,42.66740417,-88.94550323,anonymous,1,6,3,6,1,6,1,4,3,6,6,6,6,6,6,6,6,6,6,1,1,1,1,1,5,1,2,3,5,5,5,5,5,1,6,1,1,1,1,1,1,5,4,1,1,3,1,5,4,50,50,"2,5,6",3,simmental,325,53,1,51
6/5/17 6:03,6/5/17 6:11,0,67.234.2.48,100,528,1,6/5/17 6:11,R_28YzPdTL7uu9nyM,,,,,40.31599426,-77.32689667,anonymous,1,6,1,6,1,5,3,6,3,5,6,5,5,5,5,5,5,5,7,3,2,1,2,1,1,1,3,3,4,5,4,4,5,3,6,1,1,6,1,6,1,6,6,4,3,5,5,3,4,41,59,2,1,,45,51,2,39
6/5/17 6:28,6/5/17 6:36,0,68.38.102.113,100,427,1,6/5/17 6:36,R_1IiJNDtsuybtJ6z,,,,,39.52389526,-85.78530121,anonymous,1,3,2,6,1,3,2,3,2,2,5,3,3,5,3,4,4,2,4,1,3,3,3,3,2,3,4,4,3,5,5,5,3,2,5,1,1,1,1,5,1,3,4,1,1,1,1,2,2,10,90,"4,5,6",3,"Sm, Sm/an",150,70,1,15
6/5/17 6:34,6/5/17 6:41,0,107.7.94.50,100,418,1,6/5/17 6:41,R_27rlCydEr0Rqbzr,,,,,34.73399353,-86.52290344,anonymous,1,6,3,6,4,5,5,5,4,6,6,6,6,6,5,5,6,6,4,1,2,1,3,2,1,1,1,1,5,5,3,4,3,3,6,1,1,1,1,4,1,5,5,2,2,4,2,5,5,41,59,4,3,simangus,10,61,1,1
6/5/17 6:42,6/5/17 6:52,0,97.35.66.223,100,616,1,6/5/17 6:52,R_2BrgcdtK1k8oSrD,,,,,41.60049438,-93.60910034,anonymous,1,6,3,3,4,6,3,6,3,6,4,3,4,5,3,5,5,6,3,1,2,2,1,1,1,1,1,1,5,3,3,5,3,2,6,1,5,5,3,1,1,3,5,2,2,4,2,3,2,78,22,"2,5",3,Simmental,90,33,1,24
6/5/17 6:56,6/5/17 7:07,0,166.182.80.204,100,716,1,6/5/17 7:07,R_RXeMbRooArnRued,,,,,37.75100708,-97.8219986,anonymous,1,6,6,4,2,5,5,4,1,6,2,6,6,4,5,6,6,6,6,1,4,2,1,1,5,4,4,4,5,4,3,5,3,1,6,1,1,1,1,1,1,5,5,2,1,5,4,4,1,89,11,5,3,Simmental ,90,68,1,26
6/5/17 6:58,6/5/17 7:08,0,174.209.12.0,100,618,1,6/5/17 7:08,R_2QtjY5eiXgY4Jng,,,,,39.74279785,-104.8996964,anonymous,1,5,3,6,2,5,4,5,4,5,5,5,4,5,4,4,4,3,6,1,1,1,1,1,1,4,4,4,3,5,4,5,4,3,5,1,2,5,1,1,1,5,5,3,3,5,3,4,5,25,75,"5,6",3,red angus,600,43,2,52
6/5/17 7:08,6/5/17 7:15,0,75.130.74.66,100,384,1,6/5/17 7:15,R_1OpLm3rEfvdhJl7,,,,,35.65020752,-83.97820282,anonymous,1,6,3,6,2,5,4,5,4,5,6,3,3,5,3,4,4,4,4,3,4,3,3,4,3,2,4,3,4,5,5,4,3,3,6,1,1,1,1,5,1,2,4,2,2,4,2,4,2,40,60,1,3,gelbvieh,30,50,1,44
6/5/17 7:14,6/5/17 7:26,0,64.68.6.129,100,743,1,6/5/17 7:26,R_33r8MT54kaOPEo7,,,,,47.29420471,-101.3808975,anonymous,1,6,5,6,3,3,4,4,3,6,6,6,6,3,3,3,6,6,3,1,1,1,1,1,1,1,1,1,5,5,3,4,3,3,6,1,1,3,1,1,1,3,5,2,1,4,1,3,3,70,30,"5,6",3,Simmental,200,56,1,35
6/5/17 7:31,6/5/17 7:31,0,97.115.196.197,100,21,1,6/5/17 7:31,R_3hzixT05WVvjNP6,,,,,32.25720215,-111.0809021,anonymous,2,,,,,,,,,,,,,,,,,,,,,,,,,,,,,,,,,,,,,,,,,,,,,,,,,,,,,,,,,3
6/5/17 7:27,6/5/17 7:33,0,166.102.6.137,100,346,1,6/5/17 7:33,R_r91RCUXiNEpzTvX,,,,,36.23309326,-93.06359863,anonymous,1,4,1,6,1,5,1,3,5,4,4,4,4,2,2,1,1,3,2,1,2,1,2,1,1,1,2,3,3,5,4,3,3,3,6,1,1,2,1,1,1,4,4,1,1,4,3,3,3,38,62,"5,6",3,Simmental & angus,50,32,1,4
6/5/17 7:23,6/5/17 7:34,0,64.130.134.110,100,678,1,6/5/17 7:34,R_3QYurysfywzNWaC,,,,,36.93760681,-85.94629669,anonymous,1,3,2,6,4,6,6,6,6,3,3,3,3,3,3,3,3,1,3,1,1,1,1,4,3,4,5,5,2,5,3,2,2,1,1,1,1,2,1,1,1,3,2,1,1,4,1,3,3,9,91,"2,3,4,5,6",3,Simmental.   Gelbvieh ,200,48,1,18
6/5/17 7:38,6/5/17 7:45,0,108.244.18.206,100,410,1,6/5/17 7:45,R_eeRtOgYxFuH1Z2V,,,,,26.15460205,-98.20449829,anonymous,1,6,5,6,4,5,3,5,3,4,4,6,6,6,4,5,4,5,6,3,2,3,3,2,3,2,2,2,5,5,4,4,4,3,6,3,3,3,3,4,4,5,5,2,2,3,3,4,5,58,42,"2,3,5,6",3,Simbrah,100,59,1,45
6/5/17 7:55,6/5/17 8:01,0,162.210.239.96,100,347,1,6/5/17 8:01,R_305EEeti6H2E4gW,,,,,39.62910461,-77.71279907,anonymous,1,6,1,5,2,4,1,5,4,5,5,3,3,6,4,3,3,6,3,1,2,1,1,1,1,1,1,1,4,3,3,4,3,3,6,1,1,1,1,1,1,5,5,5,1,4,2,2,4,75,25,"2,5",1,,185,57,1,21
6/5/17 8:00,6/5/17 8:06,0,184.12.210.59,100,374,1,6/5/17 8:06,R_3hg9VzF4gf5QbXT,,,,,41.8302002,-97.48290253,anonymous,1,4,5,6,1,5,5,3,1,4,5,6,7,7,7,4,4,3,4,1,1,1,4,3,1,1,2,2,3,5,3,3,3,1,6,1,1,1,1,3,1,5,4,1,1,5,1,5,1,18,82,"5,6",3,simmental,n/a,71,1,28
6/5/17 8:12,6/5/17 8:19,0,72.145.245.179,100,462,1,6/5/17 8:19,R_3dXI24sTu0t09Dv,,,,,33.78590393,-85.28959656,anonymous,1,6,5,6,2,4,3,5,4,6,6,6,6,6,6,6,6,6,6,1,3,1,3,1,1,2,3,2,5,5,4,5,3,4,6,1,3,1,1,5,6,3,3,1,1,4,1,2,4,50,50,"2,5,6",3,simmental SimAngus,700-800,54,1,1
6/5/17 8:13,6/5/17 8:22,0,64.7.224.24,100,505,1,6/5/17 8:22,R_DBPSc5OiOxqby0x,,,,,35.33039856,-87.79000092,anonymous,1,6,4,4,2,5,3,3,2,6,6,6,6,6,3,3,3,1,6,1,4,2,2,2,1,1,1,2,5,4,5,4,4,2,6,1,1,1,1,1,1,6,6,2,1,5,1,5,3,66,34,4,3,Brangus,37,59,1,44
6/5/17 8:29,6/5/17 8:39,0,72.24.222.115,100,626,1,6/5/17 8:39,R_1f4361hJqRd5FHc,,,,,31.20320129,-90.39559937,anonymous,1,6,6,6,4,6,6,1,3,6,6,5,5,6,5,5,5,6,6,1,2,1,1,1,1,1,1,1,5,5,4,5,3,3,6,1,1,1,1,6,1,3,6,1,1,6,1,6,3,90,10,4,3,SIMMENTAL,10,52,1,25
6/5/17 9:13,6/5/17 9:20,0,104.138.142.250,100,376,1,6/5/17 9:20,R_VQN2WqHknWBRE2d,,,,,36.09779358,-80.32230377,anonymous,1,6,5,6,2,6,2,5,5,6,5,5,5,5,5,4,4,4,6,2,4,2,2,2,1,1,1,2,5,5,4,4,2,3,4,1,1,4,1,5,1,5,5,5,3,4,3,4,4,50,50,"5,6",3,"Angus, Hereford, Chiangus, Maintainer",50,42,2,34
6/5/17 9:17,6/5/17 9:24,0,72.175.213.114,100,419,1,6/5/17 9:24,R_vMFGRf67NvmdzEZ,,,,,45.65109253,-111.1776962,anonymous,1,3,3,4,3,4,4,4,3,7,4,4,4,3,7,4,4,5,7,3,4,3,3,3,3,2,2,3,4,4,4,4,4,3,6,1,1,1,1,5,1,2,3,2,2,4,3,4,2,50,50,5,1,,N/A,52,1,36
6/5/17 9:55,6/5/17 10:07,0,208.64.134.34,100,702,1,6/5/17 10:07,R_27egIhjV9uOQ9WM,,,,,39.95230103,-75.1638031,anonymous,1,5,5,5,3,5,5,5,5,5,5,5,5,5,5,5,5,5,5,1,4,1,1,1,1,2,4,4,3,4,4,3,4,3,6,1,5,2,5,2,1,5,5,1,1,5,2,5,5,30,70,4,3,Simmental,N/A,38,1,16
6/5/17 10:16,6/5/17 10:24,0,216.56.61.50,100,466,1,6/5/17 10:24,R_3HBmW7qgVplJq6t,,,,,42.69459534,-89.14209747,anonymous,1,6,6,6,3,3,3,4,4,6,6,6,6,6,6,6,6,6,6,1,2,3,2,1,2,1,2,2,5,5,3,4,3,3,6,1,1,1,1,5,6,4,4,3,2,4,3,2,3,54,46,"5,6",3,,25,60,1,51
6/5/17 10:46,6/5/17 10:50,0,76.8.156.218,100,257,1,6/5/17 10:50,R_1QsEUYeL72y0cCG,,,,,39.75239563,-92.45659637,anonymous,1,2,3,6,2,1,1,2,1,7,4,2,2,6,2,4,6,7,7,2,2,2,2,2,3,3,1,3,2,4,3,3,2,2,6,1,1,1,1,4,1,3,3,2,1,2,2,1,1,7,93,2,1,,200*,69,1,26
6/5/17 10:57,6/5/17 11:03,0,50.245.187.241,100,341,1,6/5/17 11:03,R_3QRilIUuXba5HIU,,,,,39.00990295,-121.4230042,anonymous,1,6,5,6,2,3,3,5,4,6,6,4,5,6,6,4,5,7,7,3,3,3,3,3,1,2,3,1,5,5,3,4,4,4,6,1,1,5,1,5,1,5,5,1,1,5,1,3,4,50,50,5,3,Simmental & SimAngus,30,48,2,5
6/5/17 11:21,6/5/17 11:29,0,70.196.137.18,100,454,1,6/5/17 11:29,R_1JEnJbqrL0Fz3jD,,,,,29.95469666,-90.07510376,anonymous,1,3,3,6,3,5,5,4,3,5,5,4,4,3,3,5,5,3,3,3,4,3,3,2,3,2,3,2,3,5,4,4,3,2,6,1,2,1,2,2,1,5,3,2,2,4,3,5,5,28,72,5,3,Simbrah Brahman Simmetal ,25,49,1,45
6/5/17 11:28,6/5/17 11:38,0,70.198.42.229,100,590,1,6/5/17 11:38,R_1kSTgjabTt50NNA,,,,,43.55000305,-96.70030212,anonymous,1,4,1,6,1,3,1,3,1,4,4,3,4,2,2,2,2,2,2,1,1,1,1,1,1,1,4,1,4,5,1,4,3,1,6,1,1,1,1,1,1,4,2,1,1,2,1,1,1,43,57,"1,3,5,6",3,SM,N/A,48,1,28
6/5/17 11:28,6/5/17 11:40,0,198.1.6.181,100,721,1,6/5/17 11:40,R_10wlG5KVY7otAmL,,,,,38.37469482,-91.94470215,anonymous,1,6,5,6,2,4,3,2,3,4,4,5,4,5,5,3,3,4,4,1,2,2,2,2,1,1,2,2,5,5,4,4,3,2,6,1,4,1,3,1,1,3,3,1,1,3,2,3,3,50,50,"2,5,6",3,Gelbvieh,450,44,1,26
6/5/17 11:42,6/5/17 11:54,0,184.53.48.20,100,731,1,6/5/17 11:54,R_3LhDtRbe15O2o5b,,,,,37.75100708,-97.8219986,anonymous,1,5,4,6,2,6,6,4,4,6,5,5,5,4,4,3,3,5,7,1,3,3,3,1,1,1,3,1,4,5,4,4,4,4,5,1,1,5,1,5,1,5,5,2,1,4,5,3,2,34,66,"2,5,6",3,Simmental,120,73,2,36
6/5/17 12:30,6/5/17 12:37,0,98.21.218.4,100,433,1,6/5/17 12:37,R_3IYRnt674d30pXy,,,,,40.12409973,-82.38279724,anonymous,1,2,2,6,1,2,2,3,3,3,3,3,2,3,3,2,2,3,3,3,3,3,3,3,2,2,4,4,2,5,3,3,2,2,6,1,1,2,1,1,2,2,3,2,2,2,3,2,2,19,81,"5,6",3,Simmental,100,61,1,39
6/5/17 12:42,6/5/17 12:42,0,50.26.129.139,100,23,1,6/5/17 12:42,R_3n78ADUb4ODurv0,,,,,35.16130066,-101.8789978,anonymous,2,,,,,,,,,,,,,,,,,,,,,,,,,,,,,,,,,,,,,,,,,,,,,,,,,,,,,,,,,6
6/5/17 12:57,6/5/17 13:04,0,107.77.234.157,100,447,1,6/5/17 13:04,R_YS1HMNNwwaVzxeN,,,,,37.75100708,-97.8219986,anonymous,1,5,1,4,3,3,3,5,3,3,4,4,4,4,2,2,4,3,2,3,3,3,3,4,2,3,1,3,3,5,3,4,3,3,6,1,1,2,2,4,1,3,3,3,1,3,4,3,3,53,47,2,1,,75,72,1,44
6/5/17 12:52,6/5/17 13:06,0,174.59.16.57,100,861,1,6/5/17 13:06,R_3e20bexkyNMbvpA,,,,,40.47999573,-76.79290009,anonymous,1,4,3,5,3,5,5,5,3,4,4,3,3,1,3,3,2,2,3,2,2,2,2,2,1,2,1,2,3,5,4,4,4,4,3,1,1,6,1,1,1,3,4,1,1,4,1,5,4,42,58,"2,5",3,Simmental,N/A,39,2,39
6/5/17 13:06,6/5/17 13:12,0,107.77.199.201,100,346,1,6/5/17 13:12,R_2BfzQWP2R1UPfqL,,,,,32.77870178,-96.82170105,anonymous,1,5,4,6,3,5,6,4,4,4,4,5,5,3,3,4,5,2,2,2,3,3,2,1,1,1,2,4,4,5,4,4,4,3,6,1,2,5,3,1,1,3,4,1,1,4,4,5,5,35,65,"5,6",3,Gelbvieh/Balancer/Angus,200,25,1,37
6/5/17 13:08,6/5/17 13:14,0,70.60.56.29,100,354,1,6/5/17 13:14,R_1mK5AU7vLd2IZsL,,,,,39.6690979,-84.09020233,anonymous,1,6,6,6,2,2,2,5,5,6,6,6,6,6,6,6,6,1,6,1,1,1,1,1,1,1,3,4,5,5,3,5,2,2,6,1,1,1,1,1,1,1,2,1,1,3,3,1,2,50,50,"5,6",3,Gelbvieh,25,46,1,36
6/5/17 13:14,6/5/17 13:24,0,209.94.248.66,100,571,1,6/5/17 13:24,R_2tmaUZtbrVsRip7,,,,,29.87240601,-95.56999969,anonymous,1,3,4,6,1,3,3,2,3,3,3,3,3,3,3,3,4,2,3,1,4,1,4,1,1,4,4,4,2,5,1,4,3,3,6,1,1,3,3,3,3,6,6,1,1,3,1,2,3,17,83,"2,5,6",3,simbrah,800,80,1,45
6/5/17 13:28,6/5/17 13:36,0,66.76.83.43,100,513,1,6/5/17 13:36,R_QifzY1Mq2latdv3,,,,,36.87879944,-93.72059631,anonymous,1,6,3,5,3,3,4,4,4,6,6,6,6,6,6,6,6,6,5,2,4,1,2,1,1,1,1,3,4,4,4,5,2,2,5,1,1,5,1,5,1,4,4,2,2,5,3,4,3,80,20,"2,5,6",3,Red Angus & Simmental,61,52,1,26
6/5/17 14:55,6/5/17 15:01,0,107.77.220.76,100,368,1,6/5/17 15:01,R_1r2HKH8v9CPO4th,,,,,32.77870178,-96.82170105,anonymous,1,3,3,6,2,5,3,3,3,5,5,5,3,5,3,3,3,3,3,2,3,3,4,4,2,3,3,3,3,5,5,4,3,3,6,2,1,5,1,1,1,4,4,2,1,3,3,3,3,5,95,"2,5,6",3,Simmental/ simbrah,75,35,2,45
6/5/17 15:36,6/5/17 15:36,0,107.77.217.208,100,16,1,6/5/17 15:36,R_3qU9ILRIle66YYr,,,,,29.98779297,-95.65499878,anonymous,2,,,,,,,,,,,,,,,,,,,,,,,,,,,,,,,,,,,,,,,,,,,,,,,,,,,,,,,,,45
6/5/17 16:31,6/5/17 16:36,0,12.167.125.195,100,320,1,6/5/17 16:36,R_BAiIdJd31H8dmXT,,,,,29.53109741,-96.2963028,anonymous,1,4,2,6,2,3,2,5,5,4,4,3,3,3,3,2,2,2,2,2,2,1,1,1,2,1,3,3,4,4,5,4,4,3,6,1,1,5,1,5,1,4,3,1,1,4,1,2,4,40,60,"1,2,5,6",3,Simbrah,40,50,1,45
6/5/17 16:35,6/5/17 16:49,0,124.170.31.36,100,840,1,6/5/17 16:49,R_2CrKGYeHVilmudq,,,,,-37.86669922,145.2832947,anonymous,1,4,3,6,3,5,5,5,3,4,5,4,4,5,4,4,5,5,6,3,4,4,4,4,4,3,4,5,3,5,3,4,3,3,6,1,1,2,1,3,1,5,5,3,3,4,2,3,3,30,70,"3,5,6",3,Simmental / Fleckvieh,30 - 40,66,1,53
6/5/17 16:49,6/5/17 16:55,0,69.161.162.246,100,391,1,6/5/17 16:55,R_23WFsDHUBq6zIfk,,,,,38.85609436,-98.87850189,anonymous,1,6,4,6,4,4,2,3,2,6,6,6,6,5,5,5,5,1,4,1,1,4,3,3,1,1,1,3,5,5,5,4,2,2,6,1,1,2,2,2,1,5,5,3,3,5,6,4,4,36,64,5,3,Simmental ,400,45,1,17
6/5/17 16:59,6/5/17 17:02,0,70.195.196.45,100,209,1,6/5/17 17:02,R_1owk03rfOd1iqJt,,,,,30.26229858,-97.74649811,anonymous,1,6,3,6,5,6,6,6,3,6,6,6,6,6,6,6,6,6,6,1,2,1,1,1,2,1,3,4,4,5,4,5,5,4,6,3,5,1,3,1,1,1,6,1,6,6,3,6,6,39,61,"2,5,6",3,Simbrah ,80,17,2,45
6/5/17 17:19,6/5/17 17:27,0,70.140.60.181,100,491,1,6/5/17 17:27,R_03ypRxFVcBW4UJH,,,,,30.20350647,-95.66329956,anonymous,1,6,5,6,2,3,3,5,3,6,6,6,6,5,5,5,5,5,5,1,2,3,2,2,1,1,1,1,4,5,3,5,3,3,5,1,3,2,2,4,1,5,5,2,2,5,3,2,3,50,50,"2,4,6",3,"Lowline, Wagyu cross ",50,42,1,45
6/5/17 17:17,6/5/17 17:46,0,72.222.98.55,100,1701,1,6/5/17 17:46,R_295sXcawpcEBLSp,,,,,36.0453949,-96.02030182,anonymous,1,6,6,6,2,3,3,5,3,5,5,5,5,5,5,5,5,5,5,1,4,1,1,1,1,1,1,1,5,5,4,4,4,4,6,1,1,5,1,5,1,5,5,4,3,5,3,2,3,50,50,"2,3,5",1,,55,70,1,37
6/5/17 17:41,6/5/17 17:49,0,104.244.218.249,100,445,1,6/5/17 17:49,R_88NJmpVGC0EvGM1,,,,,44.04789734,-93.22599792,anonymous,1,6,2,6,3,6,5,3,3,6,5,6,6,2,2,2,3,6,3,3,4,4,3,3,2,2,2,2,5,5,5,4,3,3,6,1,3,5,1,6,1,3,4,1,1,3,2,6,3,50,50,5,3,Simmental,50,39,2,24
6/5/17 18:59,6/5/17 19:07,0,166.182.67.79,100,457,1,6/5/17 19:07,R_Y4zdo0K2IpkgXjH,,,,,37.75100708,-97.8219986,anonymous,1,5,3,6,3,4,3,6,2,6,6,5,5,6,4,2,2,1,7,1,4,2,1,1,1,1,1,3,5,5,4,5,4,1,4,1,1,5,1,6,1,3,6,1,2,5,1,2,3,39,61,"4,6",3,Hereford,22,48,2,51
6/5/17 19:12,6/5/17 19:20,0,75.121.216.61,100,479,1,6/5/17 19:20,R_cAfvCoSSzVUzowF,,,,,47.17909241,-123.6060944,anonymous,1,6,2,6,1,5,5,2,2,6,6,6,6,2,2,1,1,3,6,1,2,3,1,1,1,1,1,1,5,5,4,3,3,3,6,1,1,3,1,1,1,4,4,1,1,4,1,3,3,29,71,4,1,,20,64,2,38
6/5/17 21:37,6/5/17 21:44,0,70.198.81.237,100,445,1,6/5/17 21:44,R_D0pCtxfGnbsjudH,,,,,39.95559692,-86.01390076,anonymous,1,6,3,6,1,3,1,6,3,3,4,6,6,5,7,3,5,6,7,3,4,3,3,2,1,1,1,3,4,5,4,4,4,2,6,1,1,3,1,1,1,4,4,2,2,4,4,1,3,34,66,2,1,,25,39,1,15
6/5/17 21:43,6/5/17 21:58,0,66.87.121.122,100,865,1,6/5/17 21:58,R_1i23SEYVZEk21ZK,,,,,29.77020264,-95.3628006,anonymous,1,3,2,6,1,4,2,4,3,1,5,3,2,2,3,2,2,3,2,2,2,2,2,2,1,1,1,2,3,5,4,4,3,3,6,1,1,4,1,4,1,1,6,1,1,3,1,1,3,30,70,"2,3,5,6",1,,102,35,1,45
6/5/17 22:22,6/5/17 22:30,0,70.196.65.250,100,474,1,6/5/17 22:30,R_XTfZb1AcQSvsg37,,,,,29.77020264,-95.3628006,anonymous,1,5,3,6,3,4,4,3,2,7,5,4,3,5,7,1,3,1,3,1,2,1,3,1,3,1,1,2,4,5,3,3,2,2,6,1,1,2,1,3,1,3,3,1,2,2,1,3,2,30,70,3,1,,100,51,1,45
6/5/17 22:42,6/5/17 22:47,0,68.38.16.162,100,288,1,6/5/17 22:47,R_3QJH3iFSR8EaNyl,,,,,39.83810425,-84.90540314,anonymous,1,4,2,6,4,6,5,5,5,3,6,5,5,5,3,3,3,4,3,2,3,2,2,1,1,2,2,2,4,5,3,4,4,3,6,1,2,1,1,1,1,4,4,2,4,5,3,3,3,25,75,4,3,Angus,N/A,18,2,15
6/5/17 22:45,6/5/17 22:52,0,70.195.8.128,100,406,1,6/5/17 22:52,R_1DXTOwyRKHHINru,,,,,38.88529968,-94.89019775,anonymous,1,6,6,5,2,6,4,6,3,6,4,4,6,6,3,6,6,6,6,2,4,3,3,2,5,1,1,1,5,4,3,4,5,2,6,1,1,1,1,1,1,6,6,1,1,5,5,2,4,88,12,"2,3,5,6",1,,140,48,1,26
6/6/17 7:22,6/6/17 7:35,0,65.213.205.162,100,758,1,6/6/17 7:35,R_sv2XLbYblloC8rT,,,,,37.62109375,-77.65149689,anonymous,1,6,4,6,1,4,3,4,2,6,5,6,4,3,2,5,2,7,3,1,3,2,1,1,1,1,1,1,5,4,4,2,4,2,6,1,1,1,1,3,1,6,6,2,1,5,2,3,3,50,50,"5,6",3,Simmental and SimAngus,120,46,1,48
6/6/17 8:07,6/6/17 8:12,0,174.195.139.84,100,344,1,6/6/17 8:12,R_33f14GaUzihxC02,,,,,35.82879639,-84.31770325,anonymous,1,6,5,6,3,3,3,4,3,5,6,5,6,6,4,5,5,4,6,2,2,1,1,1,1,1,2,3,4,5,4,4,5,3,6,1,1,2,3,2,1,4,5,2,1,3,1,3,4,50,50,"5,6",3,Hereford,125,62,1,44
6/6/17 8:56,6/6/17 9:04,0,70.210.156.150,100,475,1,6/6/17 9:04,R_qWLVNQj0Uji0B45,,,,,45.48179626,-122.6004944,anonymous,1,6,5,3,3,2,2,2,2,5,4,2,2,1,5,1,5,6,3,1,3,1,2,1,1,1,1,1,5,3,3,4,1,1,6,1,1,2,1,1,1,2,2,1,1,3,1,1,2,99,1,"5,6",3,SimAngus,600,56,1,38
6/6/17 10:36,6/6/17 10:42,0,174.223.140.75,100,383,1,6/6/17 10:42,R_1Nzz0NTnyPEZpM7,,,,,32.769104,-85.19740295,anonymous,1,6,3,6,3,6,6,4,4,6,6,6,6,4,6,4,4,6,4,3,3,3,3,3,3,3,4,3,5,5,5,5,5,3,6,1,1,6,1,1,1,6,6,6,4,6,6,6,4,50,50,"2,5,6",3,Angus and Simmental,105,55,2,1
6/6/17 15:56,6/6/17 16:12,0,173.8.46.73,100,930,1,6/6/17 16:12,R_2uxhz0Bib0zMD4u,,,,,30.05760193,-82.60209656,anonymous,1,6,3,6,3,4,3,6,3,4,5,6,6,6,4,6,4,5,7,1,4,1,2,1,5,5,3,3,5,5,4,5,4,3,6,1,1,6,1,1,1,5,5,1,1,5,3,1,3,40,60,5,3,Brangus ,40,45,1,10
6/6/17 16:24,6/6/17 16:31,0,174.223.133.105,100,431,1,6/6/17 16:31,R_sNHf298P5dVREI1,,,,,32.36680603,-86.30000305,anonymous,1,6,5,6,4,4,4,4,3,6,5,6,6,5,6,6,6,6,6,1,1,1,1,1,5,1,1,1,5,5,4,4,4,4,6,1,1,1,1,1,1,5,5,2,2,3,2,3,3,55,45,5,3,Simmental,65,65,1,1
5/30/17 17:38,5/30/17 17:40,0,107.206.49.150,19,97,0,6/6/17 17:40,R_9SLwEMh5UtcfWKt,,,,,,,anonymous,1,4,6,6,6,6,3,6,2,,,,,,,,,,,,,,,,,,,,,,,,,,,,,,,,,,,,,,,,,,,,,,,,,
6/6/17 19:05,6/6/17 19:10,0,107.77.199.66,100,352,1,6/6/17 19:10,R_2zYiAKOLAFpl3pr,,,,,32.77870178,-96.82170105,anonymous,1,4,3,6,4,5,5,3,3,4,6,4,3,4,4,4,4,3,3,2,2,3,1,2,2,1,1,2,4,5,4,3,3,1,6,1,6,1,2,1,1,6,6,3,3,4,6,1,1,53,47,4,3,Brangus,17,18,1,37
6/6/17 20:09,6/6/17 20:17,0,172.58.43.88,100,473,1,6/6/17 20:17,R_27vB2ZFvwZ0HWLe,,,,,47.49560547,-122.2514954,anonymous,1,6,3,6,3,5,3,3,3,7,6,5,5,4,4,7,2,1,7,1,1,2,3,2,1,1,1,3,4,5,4,3,4,4,5,1,1,6,1,4,1,6,5,1,1,6,1,4,1,62,38,"1,5",3,Sim/Angus,15,42,2,38
6/6/17 20:44,6/6/17 20:51,0,107.77.198.41,100,414,1,6/6/17 20:51,R_eaZRuXItXRl0ZLb,,,,,32.77870178,-96.82170105,anonymous,1,6,6,6,4,6,2,6,5,6,6,6,6,6,6,6,6,1,6,2,4,3,3,2,1,1,3,2,5,5,3,4,5,5,6,1,2,1,1,1,1,1,5,1,1,6,1,3,6,53,47,"2,4,5,6",3,Brangus ,200,32,1,37
6/6/17 21:20,6/6/17 21:29,0,198.45.156.145,100,497,1,6/6/17 21:29,R_1C0XdnO1ywAgeKL,,,,,32.52709961,-95.63760376,anonymous,1,6,5,6,5,5,5,6,3,6,5,5,5,5,6,6,5,6,6,1,1,1,1,1,1,1,1,1,5,5,4,4,4,2,6,1,1,6,1,1,1,5,5,1,1,2,3,4,4,64,36,"2,5,6",3,simmental,200,67,1,45
6/6/17 21:28,6/6/17 21:39,0,70.124.213.207,100,690,1,6/6/17 21:39,R_2rll2zfYgpGxjIF,,,,,30.10279846,-94.1740036,anonymous,1,6,5,6,5,5,5,6,5,6,6,6,6,6,6,6,6,6,6,1,2,2,2,1,1,1,1,1,5,5,5,5,5,5,6,1,1,5,1,6,1,5,6,5,5,5,5,5,5,51,49,"5,6",3,Simmental/Simbrah,15,67,1,45
6/7/17 8:52,6/7/17 9:04,0,64.111.59.107,100,688,1,6/7/17 9:04,R_2zIon1VqYuowBZV,,,,,40.18119812,-92.62039948,anonymous,1,6,3,6,4,5,5,2,2,6,4,6,5,6,6,5,5,4,3,1,1,1,1,1,1,1,3,1,4,5,2,4,2,2,6,1,1,1,1,1,1,3,4,1,1,2,1,3,1,62,38,"4,6",3,Gelbvieh,15,62,1,26
5/31/17 10:12,5/31/17 10:16,0,47.189.238.97,31,185,0,6/7/17 10:16,R_2VIvvNVv16bp8xs,,,,,,,anonymous,1,4,1,6,1,3,1,6,5,5,5,5,5,3,5,3,3,2,5,2,4,3,2,1,1,2,2,2,,,,,,,,,,,,,,,,,,,,,,,,,,,,,,
6/7/17 10:35,6/7/17 10:50,0,172.76.24.162,100,929,1,6/7/17 10:50,R_1ml7wOvWyJsSFSD,,,,,40.65620422,-82.12709808,anonymous,1,6,5,6,1,3,2,3,2,6,2,6,6,6,6,6,6,6,4,1,1,1,1,1,1,1,1,1,5,5,5,4,2,2,6,1,1,1,1,6,1,5,5,1,1,5,1,2,2,70,30,"2,3,6",3,"Red Angus, Simmental and SimAngus, Angus, and Composites", 450 cows equally divided between spring and fall calving   ,72,1,18
6/7/17 11:11,6/7/17 11:17,0,192.158.48.90,100,363,1,6/7/17 11:17,R_wS61mPlGxwddSfL,,,,,39.19230652,-86.02069855,anonymous,1,1,1,6,3,1,1,6,4,2,4,4,2,4,2,2,2,2,2,1,1,1,1,1,5,1,1,1,2,5,5,5,4,3,6,1,1,6,1,2,1,2,2,4,2,5,2,1,2,2,98,"1,2",1,,10,31,1,15
6/7/17 12:39,6/7/17 12:44,0,96.36.187.166,100,318,1,6/7/17 12:44,R_2S6P3EfBLgUD3CE,,,,,38.71000671,-90.50160217,anonymous,1,6,4,6,2,3,2,2,2,5,3,4,4,5,5,5,5,5,3,1,1,1,1,1,1,1,1,1,4,5,3,3,2,1,6,1,1,3,1,1,1,3,3,1,1,5,1,2,1,30,70,"2,3,5,6",3,"Red Angus, Chiangus",90,63,1,26
5/31/17 13:39,5/31/17 13:42,0,174.195.139.86,13,123,0,6/7/17 13:42,R_2xLdZE4mgzldsnZ,,,,,,,anonymous,1,,,,,,,,,,,,,,,,,,,,,,,,,,,,,,,,,,,,,,,,,,,,,,,,,,,,,,,,,
6/7/17 15:44,6/7/17 15:51,0,205.210.21.236,100,418,1,6/7/17 15:51,R_zYebPX80bQhd75n,,,,,46.58470154,-119.1577988,anonymous,1,6,6,5,2,6,6,6,4,6,6,6,6,6,6,6,6,5,4,1,1,1,1,1,1,1,1,1,5,5,5,5,5,3,6,1,6,1,1,1,1,5,5,2,1,6,3,2,5,60,40,"2,5",3,Limousin ,300,29,1,49
6/7/17 16:05,6/7/17 16:19,0,70.195.10.116,100,857,1,6/7/17 16:19,R_3knyPihKolS56NN,,,,,39.04829407,-95.6780014,anonymous,1,4,1,5,1,4,4,3,3,3,5,4,3,2,3,1,2,2,5,3,3,2,3,4,3,2,3,3,4,4,5,4,3,3,3,1,1,6,1,6,1,4,3,2,2,4,3,4,3,45,55,"2,5",3,Angus / simmental,25,52,2,26
6/7/17 15:30,6/7/17 16:23,0,166.182.80.71,100,3171,1,6/7/17 16:23,R_1eLZAeOXmJ9HXYL,,,,,37.75100708,-97.8219986,anonymous,1,6,4,6,3,4,2,5,5,6,3,6,6,5,6,6,5,3,5,1,3,3,2,1,1,4,4,3,5,5,4,4,4,4,6,1,4,4,5,1,1,4,6,1,2,5,2,2,4,56,44,"2,5,6",3,Red Angus,250,40,1,26
6/7/17 16:25,6/7/17 16:36,0,107.77.199.23,100,651,1,6/7/17 16:36,R_33Ea3xGZWfcGWMa,,,,,32.77870178,-96.82170105,anonymous,1,6,5,6,3,4,4,5,5,6,6,6,6,6,6,6,6,2,5,1,4,1,3,1,1,1,1,1,5,5,3,4,4,5,6,1,1,2,1,1,1,3,6,1,1,3,2,3,3,61,39,"2,5",3,Red Angus,20,60,1,6
6/7/17 19:05,6/7/17 19:16,0,184.12.33.10,100,648,1,6/7/17 19:16,R_A0RZGZWT9lK0Pex,,,,,44.42810059,-93.56220245,anonymous,1,6,4,6,3,6,6,5,3,6,6,6,6,6,5,6,6,5,6,1,1,1,1,1,1,1,1,1,5,5,3,5,3,3,6,1,1,1,1,5,1,6,5,3,2,5,3,3,3,73,27,"2,5,6",3,Angus  red Angus ,500,56,1,28
6/7/17 19:39,6/7/17 19:44,0,50.95.207.34,100,345,1,6/7/17 19:44,R_2Vz5GzFmN7rkT9Y,,,,,42.86659241,-106.3131027,anonymous,1,6,6,6,1,3,1,3,3,6,6,6,6,6,6,6,6,6,6,1,2,2,3,1,1,4,3,1,5,4,1,3,1,1,6,1,1,1,1,6,1,4,6,1,1,5,1,2,2,52,48,"5,6",3,Red angus,N/a,60,1,43
6/7/17 20:40,6/7/17 20:47,0,69.146.18.117,100,432,1,6/7/17 20:47,R_27Pb7YuDgQSFl4W,,,,,42.65010071,-108.424202,anonymous,1,4,2,6,1,1,1,4,4,5,5,3,3,3,4,3,3,3,3,1,1,1,1,1,1,1,3,4,3,5,3,4,3,3,6,1,2,1,3,1,1,2,3,2,2,5,1,1,4,33,67,"2,5",3,Red Angus,100,37,1,52
6/7/17 22:06,6/7/17 22:21,0,107.77.206.215,100,885,1,6/7/17 22:21,R_ag73JfqTjrAfDFv,,,,,41.84829712,-87.65170288,anonymous,1,5,1,6,1,3,4,5,3,5,5,3,3,3,4,3,3,1,1,1,2,1,1,1,1,1,2,4,3,5,2,3,3,3,5,1,3,1,1,1,1,3,4,1,1,5,2,2,5,20,80,"2,4,5,6",3,Limousin,30,17,1,17
6/7/17 22:15,6/7/17 22:22,0,66.39.164.26,100,431,1,6/7/17 22:22,R_11WLiappe8G8khi,,,,,43.98170471,-121.2722015,anonymous,1,3,3,6,3,5,5,3,2,4,2,4,4,3,3,3,3,1,1,1,4,2,4,2,2,3,5,5,3,4,4,4,3,2,6,1,1,2,1,1,1,4,4,2,2,3,4,3,2,22,78,"2,5",3,Simmental,50,71,2,38
6/8/17 6:53,6/8/17 7:03,0,72.168.160.204,100,636,1,6/8/17 7:03,R_24cjMxPJsHwjZNH,,,,,37.75100708,-97.8219986,anonymous,1,5,2,5,1,5,4,3,3,6,4,4,4,5,4,6,6,3,2,1,2,3,1,1,1,3,4,3,5,4,5,2,3,3,6,1,1,1,1,1,1,3,4,1,1,5,4,2,3,70,30,"2,3,5",3,Red Angus,30,67,1,26
6/1/17 7:37,6/1/17 7:37,0,93.95.83.186,94,18,0,6/8/17 7:37,R_2AQFqE5QWfwhttR,,,,,,,anonymous,2,,,,,,,,,,,,,,,,,,,,,,,,,,,,,,,,,,,,,,,,,,,,,,,,,,,,,,,,,
6/1/17 13:12,6/1/17 13:13,0,67.149.242.45,13,27,0,6/8/17 13:13,R_31yemad6fbwmvVM,,,,,,,anonymous,1,,,,,,,,,,,,,,,,,,,,,,,,,,,,,,,,,,,,,,,,,,,,,,,,,,,,,,,,,
6/1/17 14:17,6/1/17 14:18,0,166.182.82.92,19,40,0,6/8/17 14:18,R_3fDgWIwg89VTZXI,,,,,,,anonymous,1,3,2,6,1,4,2,5,3,,,,,,,,,,,,,,,,,,,,,,,,,,,,,,,,,,,,,,,,,,,,,,,,,
6/8/17 14:17,6/8/17 14:25,0,70.198.11.228,100,432,1,6/8/17 14:25,R_245DmoMbNTo5WRY,,,,,41.29589844,-95.99909973,anonymous,1,6,5,6,3,4,3,3,3,6,6,6,6,6,5,5,5,5,6,1,3,2,2,2,1,1,1,2,5,5,4,4,4,3,6,1,1,3,1,6,1,5,6,1,1,4,1,3,3,76,24,5,3,Polled Hereford,45,71,1,16
6/8/17 15:08,6/8/17 15:08,0,209.153.66.114,100,25,1,6/8/17 15:08,R_1djnnK86gzUq914,,,,,39.08369446,-94.58380127,anonymous,2,,,,,,,,,,,,,,,,,,,,,,,,,,,,,,,,,,,,,,,,,,,,,,,,,,,,,,,,,5
6/8/17 15:14,6/8/17 15:14,0,209.153.66.114,100,31,1,6/8/17 15:14,R_1pmt65TNs8LkhLn,,,,,39.08369446,-94.58380127,anonymous,2,,,,,,,,,,,,,,,,,,,,,,,,,,,,,,,,,,,,,,,,,,,,,,,,,,,,,,,,,6
6/8/17 15:11,6/8/17 15:21,0,162.244.225.201,100,590,1,6/8/17 15:21,R_2uNImy31XOi0CNg,,,,,39.86689758,-95.83589935,anonymous,1,6,6,6,3,6,6,4,3,6,6,6,6,6,6,6,6,6,6,1,3,3,2,3,1,1,4,1,4,5,5,5,3,3,6,1,1,6,1,3,1,5,5,2,1,6,5,2,1,40,60,"2,5",3,Limousin,N/A,61,2,17
6/1/17 7:16,6/1/17 20:14,0,75.121.134.167,31,46684,0,6/8/17 20:14,R_2PiKXOZ98B4qFA2,,,,,,,anonymous,1,6,6,6,1,6,6,3,1,6,6,6,6,6,4,6,6,6,6,1,4,1,1,1,1,1,3,3,,,,,,,,,,,,,,,,,,,,,,,,,,,,,,
6/8/17 21:46,6/8/17 21:54,0,66.234.127.248,100,510,1,6/8/17 21:54,R_1M3usHVxNUTQlNm,,,,,45.23309326,-96.33399963,anonymous,1,6,5,6,2,4,3,5,2,6,6,6,6,5,3,4,4,6,4,1,3,2,1,2,1,1,1,1,4,4,4,4,3,2,6,3,4,2,5,1,1,4,3,2,2,4,3,4,3,49,51,5,3,Angus,150,28,1,24
6/8/17 23:46,6/9/17 0:03,0,199.47.67.42,100,1040,1,6/9/17 0:03,R_1hFMeQ8K8qFmVhc,,,,,41.86659241,-103.6671982,anonymous,1,6,5,6,2,5,5,5,4,4,6,6,6,5,4,5,5,2,6,1,3,3,3,3,1,2,3,4,5,5,3,5,4,4,6,1,5,2,2,1,1,4,3,2,2,5,2,2,5,50,50,"2,5,6",3,Limousin,450,38,1,6
6/9/17 5:32,6/9/17 5:41,0,50.186.67.109,100,545,1,6/9/17 5:41,R_ykbF7aTirn1bUR3,,,,,41.21609497,-111.9712982,anonymous,1,5,3,5,2,3,2,5,3,6,5,6,6,6,3,5,5,4,3,1,3,2,1,2,1,1,1,3,4,5,3,4,3,2,5,1,3,1,2,1,1,5,5,2,2,3,1,3,3,50,50,2,1,,130 Cows,23,1,13
6/9/17 5:34,6/9/17 5:45,0,184.53.50.126,100,648,1,6/9/17 5:45,R_2CspS8O1HtGbN8z,,,,,39.7684021,-86.15799713,anonymous,1,6,3,6,2,4,3,4,4,6,6,5,5,4,5,6,6,5,4,1,1,3,1,3,1,3,4,3,4,5,3,4,3,3,6,1,1,3,1,1,1,1,5,1,1,5,1,1,5,29,71,"5,6",3,Hereford,400,42,1,33
6/9/17 7:08,6/9/17 7:14,0,64.250.51.5,100,354,1,6/9/17 7:14,R_4U6YbeN35nCrAdP,,,,,38.85609436,-98.87850189,anonymous,1,5,4,6,2,4,1,5,3,6,6,6,6,6,5,5,5,2,7,1,2,2,1,2,1,2,2,3,4,5,4,5,3,3,5,1,1,6,1,1,1,4,4,2,1,3,4,1,3,35,65,2,3,Red Angus,200,57,2,17
6/9/17 7:22,6/9/17 7:35,0,74.50.240.84,100,775,1,6/9/17 7:35,R_pMcN9iFfDSfDQWZ,,,,,36.42399597,-92.93669891,anonymous,1,6,2,6,2,6,3,3,3,6,6,6,6,6,5,3,3,3,3,1,3,2,1,1,3,5,5,5,4,5,3,3,3,3,6,1,1,1,1,2,1,6,6,3,1,4,3,5,3,62,38,"2,5",3,Hereford,30,60,1,4
6/9/17 7:47,6/9/17 7:57,0,69.2.21.12,100,590,1,6/9/17 7:57,R_6ojzvy2bs9G3Vap,,,,,42.56889343,-84.83609772,anonymous,1,6,5,6,3,5,5,4,4,6,4,4,4,5,4,5,5,6,5,1,1,1,1,2,1,1,2,3,5,5,5,5,4,4,6,1,1,6,1,2,1,5,5,3,1,4,3,6,4,80,20,4,3,"Hereford, Shorthorn",45,57,2,23
6/9/17 9:12,6/9/17 9:22,0,162.229.77.249,100,576,1,6/9/17 9:22,R_ALpmO7JO2Eu5jjP,,,,,32.23129272,-95.29579926,anonymous,1,5,4,6,4,4,4,5,3,3,4,4,4,5,3,3,3,4,3,3,2,2,2,2,4,3,2,3,4,4,4,3,4,3,6,1,1,5,1,2,1,3,3,1,2,3,5,4,3,62,38,"2,5,6",3,Herefords,100,62,2,45
6/2/17 11:59,6/2/17 12:03,0,70.195.72.65,19,210,0,6/9/17 12:03,R_11iTmG5sV2wTfNH,,,,,,,anonymous,1,6,4,6,3,5,1,6,2,,,,,,,,,,,,,,,,,,,,,,,,,,,,,,,,,,,,,,,,,,,,,,,,,
6/9/17 12:10,6/9/17 12:16,0,66.87.77.241,100,398,1,6/9/17 12:16,R_tWfFfygMZM9LgrL,,,,,41.77420044,-87.71530151,anonymous,1,4,2,6,2,3,3,4,3,3,6,6,5,6,7,7,5,7,7,4,3,3,3,3,1,3,4,3,3,5,3,4,4,2,5,1,1,6,1,5,1,3,3,2,2,3,5,4,3,40,60,"2,5,6",3,Hereford,140,50,2,48
6/9/17 13:24,6/9/17 13:32,0,50.108.3.210,100,433,1,6/9/17 13:32,R_2BaDs8YCCkMbOJ6,,,,,42.86019897,-84.59410095,anonymous,1,6,1,6,1,3,3,6,2,6,6,5,6,6,6,6,6,4,6,1,3,3,3,1,1,1,2,2,5,5,5,5,5,3,6,1,5,5,1,5,1,5,6,1,1,5,3,2,3,40,60,2,3,HEREFORD,100 cows,54,1,23
6/9/17 13:26,6/9/17 13:32,0,174.194.13.19,100,351,1,6/9/17 13:32,R_AsW6ifVJrcT81yx,,,,,35.17520142,-79.38339996,anonymous,1,6,6,2,2,1,1,4,3,4,6,2,6,4,2,6,6,1,6,1,1,1,1,1,1,1,1,1,5,2,1,5,1,1,6,1,1,1,1,6,1,2,6,1,1,5,5,3,3,100,0,"5,6",3,Brangus ,N/A,70,1,42
6/9/17 19:03,6/9/17 19:09,0,72.29.38.142,100,372,1,6/9/17 19:09,R_2P1qk8aS3VoJhbW,,,,,32.69369507,-84.07289886,anonymous,1,6,5,6,3,5,5,3,3,6,6,6,6,5,6,6,6,6,6,1,3,1,1,1,2,1,1,1,5,5,4,4,3,3,6,1,1,1,1,2,1,6,6,3,2,3,1,2,2,60,40,"1,5",3,SimAngus,100,63,1,11
6/9/17 22:20,6/9/17 22:35,0,70.198.36.41,100,889,1,6/9/17 22:35,R_9MO83MWw1iZG1Al,,,,,41.72970581,-93.60579681,anonymous,1,6,2,6,2,6,3,4,3,6,6,6,6,6,3,6,6,6,2,1,2,2,1,1,1,1,2,3,5,5,5,5,3,2,5,1,1,4,1,1,1,4,4,3,2,4,4,4,3,50,50,"2,5",3,Red Angus,500,57,2,28
6/3/17 0:38,6/3/17 0:39,0,70.195.4.209,19,43,0,6/10/17 0:39,R_3a517Ndmy6cdKnP,,,,,,,anonymous,1,,,,,,,,,,,,,,,,,,,,,,,,,,,,,,,,,,,,,,,,,,,,,,,,,,,,,,,,,
6/10/17 6:04,6/10/17 6:25,0,199.38.187.9,100,1233,1,6/10/17 6:25,R_pgERLogsrgOxPYB,,,,,29.57110596,-97.92990112,anonymous,1,6,5,6,3,5,3,4,4,6,6,6,6,6,6,5,5,6,6,1,2,1,3,2,5,1,2,3,5,5,4,3,3,3,6,1,1,1,1,4,1,5,6,3,2,4,2,3,3,50,50,4,3,Gelbvieh,30,69,1,45
6/10/17 6:37,6/10/17 7:17,0,108.160.49.189,100,2442,1,6/10/17 7:17,R_1NleCp5qwmkuQYh,,,,,42.01800537,-97.45429993,anonymous,1,5,4,5,4,4,4,4,3,4,5,5,5,5,4,5,4,6,5,2,4,3,4,3,5,3,3,3,5,5,4,4,4,3,6,2,3,1,1,4,5,5,5,3,3,4,3,4,4,62,38,5,3,Hereford ,75,65,1,28
6/10/17 20:08,6/10/17 20:15,0,75.169.201.29,100,446,1,6/10/17 20:15,R_1mQNC5lZnof6kqY,,,,,40.60969543,-111.9391022,anonymous,1,5,4,6,3,4,3,3,3,4,6,5,5,5,4,5,5,3,4,1,4,1,1,2,1,2,3,3,5,5,4,3,3,3,5,1,1,1,4,1,1,4,4,1,1,4,2,3,3,33,67,"2,5,6",3,hereford angus,40,70,1,46
6/3/17 20:31,6/3/17 20:33,0,107.77.220.173,13,90,0,6/10/17 20:33,R_3qVHgORsYJggQ1Q,,,,,,,anonymous,1,,,,,,,,,,,,,,,,,,,,,,,,,,,,,,,,,,,,,,,,,,,,,,,,,,,,,,,,,
6/3/17 20:36,6/3/17 20:57,0,107.77.220.173,19,1273,0,6/10/17 20:57,R_2arv4BD2u30RT2o,,,,,,,anonymous,1,6,6,6,2,5,4,6,2,,,,,,,,,,,,,,,,,,,,,,,,,,,,,,,,,,,,,,,,,,,,,,,,,
6/4/17 11:18,6/4/17 11:23,0,166.182.84.179,19,302,0,6/11/17 11:50,R_3g74CW6H2jAXaR3,,,,,,,anonymous,1,5,4,5,3,6,4,4,4,,,,,,,,,,,,,,,,,,,,,,,,,,,,,,,,,,,,,,,,,,,,,,,,,
6/11/17 13:14,6/11/17 13:25,0,204.237.80.152,100,646,1,6/11/17 13:25,R_5ojVPazVeg07wq1,,,,,53.26679993,-113.552002,anonymous,1,6,5,5,2,4,2,3,2,6,6,6,6,6,5,6,6,5,6,1,2,2,1,1,1,1,2,2,5,4,3,4,2,1,6,1,1,1,1,1,1,6,5,1,1,6,1,2,2,80,20,"2,5",3,"Limousin, Simmental, Angus",300,60,1,53
6/4/17 18:40,6/4/17 18:48,0,216.249.253.85,56,499,0,6/11/17 18:48,R_1cTh8Mz69pCgtrI,,,,,,,anonymous,1,6,1,6,2,5,3,6,2,5,6,5,5,5,5,5,5,3,6,1,1,1,2,1,1,1,2,3,4,4,4,4,5,2,5,1,4,2,2,2,1,1,1,1,1,3,3,3,3,39,61,,,,,,,
6/4/17 22:51,6/4/17 22:51,0,174.45.89.134,94,18,0,6/11/17 22:52,R_3qg4RSDoBNqMqFN,,,,,,,anonymous,2,,,,,,,,,,,,,,,,,,,,,,,,,,,,,,,,,,,,,,,,,,,,,,,,,,,,,,,,,
6/11/17 22:43,6/11/17 22:56,0,75.23.34.197,100,759,1,6/11/17 22:56,R_WrL0TXj3WwQYuad,,,,,32.23129272,-95.29579926,anonymous,1,6,5,6,2,4,4,4,4,6,6,6,6,6,6,6,6,5,6,1,2,1,1,1,5,2,2,2,5,5,5,4,3,3,6,1,1,1,1,6,1,5,5,4,3,6,5,4,5,50,50,"2,5",3,"Beefmaster, Simbrah",100,72,2,45
6/4/17 22:58,6/4/17 22:59,0,207.228.78.112,13,7,0,6/11/17 22:59,R_1FzxfYQw9R4emg6,,,,,,,anonymous,1,,,,,,,,,,,,,,,,,,,,,,,,,,,,,,,,,,,,,,,,,,,,,,,,,,,,,,,,,
6/12/17 0:15,6/12/17 0:21,0,139.130.100.14,100,307,1,6/12/17 0:21,R_55Z95AUllIVHsL7,,,,,-37.81030273,144.9544067,anonymous,1,6,6,6,6,6,6,6,6,6,6,6,6,6,6,6,6,6,6,5,4,4,4,1,1,4,4,3,4,5,3,4,4,4,6,1,1,3,1,3,3,6,6,6,6,6,3,5,3,41,59,"2,5,6",3,Simmental Fleckvieh,2000,48,1,53
6/5/17 3:35,6/5/17 3:39,0,37.138.235.186,56,282,0,6/12/17 3:40,R_3D1vnlHlKlspx4Z,,,,,,,anonymous,1,5,2,6,2,6,6,4,3,4,4,4,4,4,4,4,4,4,4,1,3,3,2,1,1,1,1,1,4,5,3,4,4,2,5,4,4,4,4,4,4,4,4,4,4,4,4,4,4,62,38,,,,,,,
6/5/17 5:08,6/5/17 5:17,0,107.77.210.211,94,508,0,6/12/17 5:17,R_1rcSF78kv2amh82,,,,,,,anonymous,1,6,4,6,2,5,3,4,5,5,4,5,6,3,6,6,6,5,5,1,2,1,1,1,1,1,1,2,5,5,5,5,3,4,6,1,1,1,1,3,1,5,4,3,1,5,3,5,5,60,40,5,5,,200,58,1,
6/5/17 6:05,6/5/17 6:07,0,24.140.158.233,13,74,0,6/12/17 6:07,R_3ptq79DgbdhnEEo,,,,,,,anonymous,1,,,,,,,,,,,,,,,,,,,,,,,,,,,,,,,,,,,,,,,,,,,,,,,,,,,,,,,,,
6/5/17 6:52,6/5/17 6:57,0,174.197.5.157,31,267,0,6/12/17 6:57,R_1KezJPlT6JPWbxD,,,,,,,anonymous,1,6,6,6,4,3,3,5,5,6,6,6,6,6,6,6,6,6,6,1,1,1,1,1,1,1,1,1,,,,,,,,,,,,,,,,,,,,,,,,,,,,,,
6/12/17 6:56,6/12/17 7:11,0,96.84.141.217,100,876,1,6/12/17 7:11,R_3IS8cow3PZhqD7d,,,,,31.70039368,-89.08429718,anonymous,1,6,4,6,4,6,6,6,3,6,6,6,6,6,6,3,4,6,6,2,3,3,3,2,1,1,2,1,5,5,4,5,4,3,6,1,1,6,1,1,1,6,6,1,3,6,6,6,4,51,49,"2,5",1,,55,45,2,25
6/12/17 9:52,6/12/17 10:02,0,184.105.18.13,100,614,1,6/12/17 10:02,R_2ctoKIMDP5ppKXj,,,,,29.89729309,-97.67829895,anonymous,1,6,5,6,3,4,3,6,6,6,2,6,6,3,5,5,6,6,5,2,4,3,3,4,1,2,3,4,4,5,3,5,5,5,6,1,1,1,2,1,1,5,6,2,1,6,6,6,6,50,50,"5,6",3,SimAngus & Simbrah,375,33,2,45
6/5/17 10:08,6/5/17 10:12,0,74.240.200.102,19,229,0,6/12/17 10:13,R_3j7lrNxEUGVIU7Q,,,,,,,anonymous,1,6,3,3,1,3,3,6,2,,,,,,,,,,,,,,,,,,,,,,,,,,,,,,,,,,,,,,,,,,,,,,,,,
6/12/17 10:46,6/12/17 10:53,0,99.198.70.54,100,407,1,6/12/17 10:53,R_3W98A2O4lrYjEUp,,,,,32.13000488,-90.33879852,anonymous,1,6,4,6,3,3,3,3,3,6,6,6,6,6,6,6,6,6,6,1,1,1,1,1,4,1,1,1,5,5,4,4,3,3,5,1,1,1,1,1,1,4,4,2,1,4,2,3,4,81,19,"5,6",3,"ANGUS, BRANGUS, BEEFMASTER",600,58,1,25
6/5/17 12:44,6/5/17 12:44,0,174.209.25.160,13,8,0,6/12/17 12:45,R_1GJk3OYUBiLLrdo,,,,,,,anonymous,1,,,,,,,,,,,,,,,,,,,,,,,,,,,,,,,,,,,,,,,,,,,,,,,,,,,,,,,,,
6/5/17 14:13,6/5/17 14:15,0,70.196.78.7,31,126,0,6/12/17 14:15,R_1pxuQtnPFKEiQWZ,,,,,,,anonymous,1,6,6,6,2,3,2,6,3,6,6,4,5,5,4,5,5,3,4,1,1,1,1,1,1,1,1,1,,,,,,,,,,,,,,,,,,,,,,,,,,,,,,
6/12/17 15:23,6/12/17 15:28,0,67.149.242.45,100,309,1,6/12/17 15:28,R_1pDntMDxeFX709E,,,,,42.30270386,-83.24559784,anonymous,1,3,4,5,4,3,3,4,3,3,3,2,3,5,3,4,2,4,3,3,3,3,4,4,1,2,3,3,3,5,5,5,5,4,5,1,4,4,1,1,4,4,4,3,2,6,3,2,2,49,51,2,1,,N/A,28,2,23
6/12/17 18:45,6/12/17 18:55,0,12.149.182.252,100,542,1,6/12/17 18:55,R_9HVZtDoQ5bvpQel,,,,,39.04170227,-94.72019958,anonymous,1,4,1,6,1,3,2,5,4,6,6,4,4,6,4,4,5,5,7,3,4,3,2,2,1,2,4,3,3,5,4,5,4,3,6,1,1,4,1,1,1,5,6,4,3,5,4,1,2,29,71,2,3,red angus ,130,53,1,26
6/5/17 18:05,6/5/17 20:13,0,74.115.36.133,56,7698,0,6/12/17 20:14,R_2s7s7b4KEdVBX2Y,,,,,,,anonymous,1,5,3,6,1,2,2,5,2,6,6,3,3,6,2,2,2,6,5,1,1,1,1,1,1,1,1,1,3,5,2,5,3,3,6,1,1,1,1,2,1,5,3,2,1,5,3,1,2,41,59,,,,,,,
6/6/17 5:48,6/6/17 5:48,0,98.10.227.239,13,14,0,6/13/17 5:49,R_2Vr6u9qfU5vDLri,,,,,,,anonymous,1,,,,,,,,,,,,,,,,,,,,,,,,,,,,,,,,,,,,,,,,,,,,,,,,,,,,,,,,,
6/13/17 5:56,6/13/17 6:06,0,72.161.28.167,100,627,1,6/13/17 6:06,R_2zZrdZHYhLIVzac,,,,,36.97839355,-93.23320007,anonymous,1,6,4,6,3,6,6,4,3,6,6,6,6,6,4,6,6,6,6,1,3,1,1,1,1,1,3,3,5,5,5,3,3,3,6,1,1,6,1,1,1,5,5,1,2,5,3,5,3,75,25,5,1,,250,51,2,26
6/13/17 8:09,6/13/17 8:16,0,72.169.81.87,100,422,1,6/13/17 8:16,R_2cdpHU50N385qsS,,,,,32.77870178,-96.82170105,anonymous,1,6,4,6,2,5,5,5,3,5,5,5,5,4,5,5,6,4,4,3,4,3,3,3,4,2,2,2,4,4,3,3,4,4,5,2,2,1,5,3,1,5,5,2,2,5,5,5,4,53,47,5,1,,90,49,1,24
6/13/17 11:15,6/13/17 11:25,0,174.218.11.15,100,620,1,6/13/17 11:25,R_1P1NuITYtoQsinQ,,,,,33.74899292,-84.38800049,anonymous,1,6,5,5,5,5,5,5,3,6,6,6,6,6,6,6,6,6,6,1,1,1,1,1,1,1,1,1,5,4,1,5,2,2,6,1,1,1,1,1,1,1,6,3,1,4,3,5,2,90,10,"4,6",3,SimAngus ,N/A,56,1,11
6/13/17 20:04,6/13/17 20:05,0,72.250.146.28,100,36,1,6/13/17 20:05,R_1kTCEJSpvizKsLs,,,,,46.22219849,-105.6050034,anonymous,2,,,,,,,,,,,,,,,,,,,,,,,,,,,,,,,,,,,,,,,,,,,,,,,,,,,,,,,,,27
6/14/17 0:30,6/14/17 0:37,0,72.35.205.79,100,442,1,6/14/17 0:37,R_egp3zw1jfql2Luh,,,,,45.32299805,-118.2026978,anonymous,1,6,6,6,1,5,2,3,6,6,6,6,6,6,2,6,6,6,6,1,3,4,2,3,1,1,1,1,5,5,3,3,3,3,6,1,1,1,1,1,1,3,3,1,1,5,1,5,6,80,20,"4,5,6",3,,300,55,1,38
6/14/17 4:30,6/14/17 4:40,0,166.181.80.180,100,652,1,6/14/17 4:40,R_1ILcKPFDZymVcqq,,,,,43.19459534,-89.20249939,anonymous,1,6,4,5,2,4,2,3,3,6,6,6,6,6,3,3,4,5,4,2,4,4,3,2,1,2,3,4,5,5,4,4,3,3,6,1,1,3,3,2,1,3,4,1,1,4,2,2,3,60,40,"4,6",3,Gelbvieh ,60,45,1,16
6/14/17 9:57,6/14/17 10:03,0,130.126.248.140,100,341,1,6/14/17 10:03,R_26ngrfq0SX58CGS,,,,,40.10949707,-88.21230316,anonymous,1,3,3,6,3,3,3,5,4,5,4,4,4,2,2,3,4,5,6,1,1,1,1,3,2,3,4,5,3,5,3,3,3,3,6,1,5,3,1,1,1,6,6,3,1,5,3,2,4,10,90,"2,3,5,6",3,Charolais,200,25,1,14
6/14/17 20:42,6/14/17 20:44,0,172.58.20.62,100,114,1,6/14/17 20:44,R_27VuM8XfeE3Xy0g,,,,,33.77389526,-117.9414978,anonymous,2,,,,,,,,,,,,,,,,,,,,,,,,,,,,,,,,,,,,,,,,,,,,,,,,,,,,,,,,,5
6/15/17 8:57,6/15/17 9:07,0,184.15.231.58,100,617,1,6/15/17 9:07,R_2frCaB145hoDYyP,,,,,39.28439331,-80.23069763,anonymous,1,6,5,6,4,5,5,6,5,6,5,6,6,5,4,5,6,4,4,1,3,1,3,1,1,1,1,2,5,5,4,3,5,4,6,1,1,2,1,1,1,4,5,2,2,5,3,3,6,60,40,"2,3,5,6",3,Red Angus,300,61,1,50
6/9/17 8:02,6/9/17 8:03,0,162.244.127.236,19,86,0,6/16/17 8:04,R_Q6WqZQKH95NSOxb,,,,,,,anonymous,1,6,3,6,3,6,4,6,2,,,,,,,,,,,,,,,,,,,,,,,,,,,,,,,,,,,,,,,,,,,,,,,,,
6/9/17 13:11,6/9/17 13:16,0,107.77.198.86,19,290,0,6/16/17 13:16,R_3D55iFg65VD7tUx,,,,,,,anonymous,1,6,5,6,1,6,3,4,3,,,,,,,,,,,,,,,,,,,,,,,,,,,,,,,,,,,,,,,,,,,,,,,,,
6/16/17 21:20,6/16/17 21:26,0,66.69.61.108,100,356,1,6/16/17 21:26,R_XTdCoJ8FV79vkzf,,,,,29.53559875,-98.48139954,anonymous,1,6,6,5,3,6,6,4,3,6,6,6,6,6,6,6,1,1,1,1,1,1,1,1,5,1,1,1,5,3,4,3,2,1,6,1,1,1,1,1,1,6,6,5,2,3,3,3,1,95,5,"1,5",3,Brangus,60,56,1,45
6/12/17 14:31,6/12/17 14:35,0,152.156.214.110,31,254,0,6/19/17 14:35,R_2czvtIZY287SoKA,,,,,,,anonymous,1,6,4,6,3,4,4,3,4,5,6,6,5,5,4,4,1,6,4,1,4,1,1,1,1,1,1,3,,,,,,,,,,,,,,,,,,,,,,,,,,,,,,
6/13/17 20:02,6/13/17 20:09,0,173.255.138.143,19,432,0,6/20/17 20:09,R_1F2PTlfLyvPipBN,,,,,,,anonymous,1,3,4,6,1,2,2,4,4,,,,,,,,,,,,,,,,,,,,,,,,,,,,,,,,,,,,,,,,,,,,,,,,,
6/21/17 12:52,6/21/17 12:53,0,72.133.225.214,100,50,1,6/21/17 12:53,R_2aGX5Re2gHmiLFT,,,,,39.01469421,-94.73950195,anonymous,2,,,,,,,,,,,,,,,,,,,,,,,,,,,,,,,,,,,,,,,,,,,,,,,,,,,,,,,,,17
6/22/17 8:38,6/22/17 8:44,0,69.57.205.189,100,348,1,6/22/17 8:44,R_2w6M1084tYI4O2a,,,,,42.4414978,-92.81739807,anonymous,1,5,3,6,3,5,5,5,3,5,5,2,5,5,1,1,2,5,3,1,2,1,1,1,1,1,1,3,3,5,4,4,3,2,5,1,2,1,5,1,1,4,4,2,2,3,3,4,4,30,70,"2,3,5,6",3,Simmentals,40,41,1,16
6/23/17 16:30,6/23/17 16:33,0,97.106.70.133,100,186,1,6/23/17 16:33,R_beeZFRKotPXuG09,,,,,28.05729675,-81.5687027,anonymous,1,6,2,6,5,6,6,6,4,6,6,6,6,6,6,6,6,6,6,4,3,3,3,3,3,3,3,3,5,5,5,5,5,5,6,1,6,1,1,1,1,6,6,6,6,6,6,6,6,60,40,1,3,Brangus,40,19,2,10
6/25/17 17:24,6/25/17 17:31,0,174.208.8.245,100,405,1,6/25/17 17:31,R_1pRrIegWcVmgBLO,,,,,40.76080322,-111.891098,anonymous,1,6,2,6,2,5,4,4,2,6,6,5,5,5,4,6,6,4,4,1,4,3,3,2,1,1,2,3,4,5,4,4,3,3,6,1,1,1,1,2,3,5,5,1,1,4,2,3,2,43,57,"2,5,6",3,Angus,100,43,1,13
6/25/17 17:53,6/25/17 17:58,0,70.195.81.85,100,292,1,6/25/17 17:58,R_3lyLMBvCRJoDsir,,,,,38.62730408,-90.19789886,anonymous,1,6,5,6,4,6,6,6,4,6,6,6,6,6,6,6,6,6,6,1,1,1,1,1,1,1,1,1,5,5,4,5,5,4,6,1,1,6,1,6,1,6,6,5,5,6,6,6,6,50,50,4,3,Angus,20,25,1,14
6/25/17 18:07,6/25/17 18:15,0,72.12.76.120,100,480,1,6/25/17 18:15,R_6Xv31dyEEDLecal,,,,,44.27180481,-70.25060272,anonymous,1,5,6,5,1,3,3,5,5,2,5,5,5,3,2,5,5,1,5,1,1,1,1,1,1,2,2,3,4,5,3,3,3,3,6,1,1,1,1,1,1,3,5,2,1,6,2,2,4,50,50,5,3,angus,120,53,1,20
6/25/17 18:41,6/25/17 18:48,0,98.16.128.191,100,405,1,6/25/17 18:48,R_w1MSz7a7Kyx7F8B,,,,,31.19299316,-83.84339905,anonymous,1,6,6,6,1,6,1,3,1,6,6,6,6,6,6,6,6,6,6,1,4,1,4,1,5,1,1,3,5,5,3,4,1,1,6,1,1,5,1,1,1,3,3,1,1,5,1,1,1,62,38,5,3,Angus,100,65,1,11
6/25/17 18:58,6/25/17 19:04,0,166.182.85.241,100,374,1,6/25/17 19:04,R_3dGoY4WVsbdudxx,,,,,37.75100708,-97.8219986,anonymous,1,6,6,6,3,6,4,5,3,3,6,6,6,6,3,6,6,6,3,1,2,1,1,1,1,1,1,1,5,5,3,5,2,2,6,1,4,6,1,1,1,5,5,2,2,5,2,5,2,88,12,1,3,Angus and British White ,20,32,2,37
6/25/17 19:12,6/25/17 19:16,0,107.77.235.66,100,226,1,6/25/17 19:16,R_32KGgju1WRhFGUB,,,,,34.21870422,-84.85399628,anonymous,1,3,3,6,2,3,3,4,4,3,3,6,6,2,1,5,5,3,4,3,3,3,3,5,1,3,4,4,4,5,3,4,4,4,6,1,6,1,1,1,1,1,1,1,1,1,1,2,3,30,70,"5,6",3,,400,24,1,18
6/25/17 19:09,6/25/17 19:17,0,174.219.156.227,100,505,1,6/25/17 19:17,R_2pQuc6Rn46PBgYe,,,,,44.97520447,-93.52749634,anonymous,1,6,6,6,1,4,2,4,4,3,6,6,6,4,2,4,6,5,7,1,1,1,1,3,1,1,3,2,5,5,5,5,4,3,6,1,1,3,1,3,1,5,5,1,1,4,2,2,4,53,47,"1,2,3,5,6",3,black angus,1050,47,2,35
6/25/17 19:28,6/25/17 19:40,0,70.215.137.154,100,764,1,6/25/17 19:40,R_sGL3IC0acldJg9r,,,,,35.20939636,-89.79319763,anonymous,1,6,5,6,1,5,2,3,4,5,4,5,5,5,5,4,4,5,5,1,3,3,3,1,4,1,1,2,5,5,4,3,2,2,6,1,1,1,1,2,1,5,4,2,2,4,2,2,3,50,50,"5,6",3,Angus,60,,1,44
6/25/17 21:11,6/25/17 21:25,0,68.170.215.90,100,795,1,6/25/17 21:25,R_1mgvQ4MCbHuC4Un,,,,,33.3934021,-95.57170105,anonymous,1,6,5,6,5,5,5,5,5,5,6,6,6,6,5,6,6,5,6,1,1,1,1,1,1,1,1,3,5,5,5,4,4,4,6,1,1,1,1,1,1,5,6,6,4,6,4,5,5,48,52,"2,5,6",3,Angus,130,53,1,45
6/25/17 21:19,6/25/17 21:29,0,97.83.254.80,100,652,1,6/25/17 21:29,R_8CDIT8y69BHyzap,,,,,43.19760132,-89.7437973,anonymous,1,5,6,6,4,4,4,5,4,5,5,4,6,5,6,6,5,6,6,2,2,2,2,2,2,1,1,2,4,4,4,4,4,4,5,1,1,4,1,1,1,5,5,1,1,6,3,6,6,53,47,"5,6",3,Angus,65,37,1,51
6/25/17 21:41,6/25/17 21:46,0,198.71.101.97,100,322,1,6/25/17 21:46,R_3fjjhYzPE9bSdZ2,,,,,35.39280701,-99.45619965,anonymous,1,6,6,6,4,5,5,4,5,6,6,6,6,5,5,5,6,5,6,1,1,1,1,1,1,1,2,3,5,5,3,4,3,3,6,1,5,2,1,2,4,3,3,1,1,3,1,3,4,62,38,"5,6",3,Angus,300,30,2,37
6/25/17 22:39,6/25/17 22:44,0,75.98.149.193,100,258,1,6/25/17 22:44,R_1LFq7FYAyw96JnH,,,,,42.57080078,-114.2518005,anonymous,1,6,3,5,3,5,3,4,4,5,5,6,6,4,4,5,5,6,4,1,1,1,1,2,1,1,2,2,5,5,3,3,4,4,6,1,1,4,1,1,1,5,5,1,1,3,6,4,4,49,51,"5,6",3,Angus,30,33,1,13
6/25/17 22:46,6/25/17 22:58,0,64.68.13.168,100,725,1,6/25/17 22:58,R_3KK3INVfozXUung,,,,,46.10350037,-100.7029037,anonymous,1,6,2,6,1,5,2,3,3,1,3,6,6,6,6,3,3,3,6,1,3,1,1,1,1,3,4,4,3,5,3,5,2,2,6,1,5,1,1,1,1,3,2,3,2,3,6,2,5,25,75,"2,3,5,6",3,Angus,2000,19,1,35
6/26/17 7:04,6/26/17 7:09,0,173.191.48.131,100,319,1,6/26/17 7:09,R_3k57AShXFpAeM7n,,,,,40.80059814,-92.9693985,anonymous,1,6,3,6,2,4,4,6,4,6,6,6,5,6,6,5,6,6,6,3,3,2,2,1,4,1,3,4,5,5,3,3,4,3,6,1,1,5,1,2,1,5,5,3,3,6,5,5,3,53,47,2,1,,100,34,1,16
6/26/17 16:55,6/26/17 17:05,0,24.112.164.104,100,580,1,6/26/17 17:05,R_p0m1GOseVYkEXrr,,,,,38.55059814,-82.90319824,anonymous,1,6,3,1,2,4,3,5,3,6,6,6,6,6,3,3,3,5,3,3,3,3,1,3,4,3,3,4,5,5,5,3,4,3,6,1,1,2,1,1,1,5,5,1,1,5,2,1,5,62,38,5,3,Angus,15,64,1,18
6/27/17 5:56,6/27/17 6:02,0,172.126.154.25,100,393,1,6/27/17 6:02,R_sSaHdpEAqCr1fjj,,,,,25.59739685,-80.40309906,anonymous,1,4,2,5,3,4,5,5,5,6,5,4,5,3,2,2,4,3,7,3,2,3,3,3,1,2,3,2,4,4,4,4,4,2,6,1,5,1,4,1,1,3,5,2,4,5,5,6,6,50,50,5,3,Angus and Brahman ,9,19,2,10
6/28/17 12:28,6/28/17 12:32,0,166.181.82.92,100,241,1,6/28/17 12:32,R_3p9EjptBPnR89mp,,,,,43.07499695,-89.45929718,anonymous,1,4,1,6,2,3,2,6,3,6,6,2,2,6,6,2,2,2,2,3,3,2,3,4,1,1,3,2,4,4,5,4,3,2,6,1,1,1,3,1,1,4,4,1,1,1,1,1,4,62,38,2,1,,N/A,19,1,16
6/21/17 17:14,6/21/17 17:16,0,72.133.225.214,31,88,0,6/28/17 17:16,R_1Pd9NnG7IHGvDLX,,,,,,,anonymous,1,5,5,5,5,5,5,5,5,5,5,5,5,5,5,5,5,5,6,3,3,3,3,3,3,3,3,3,,,,,,,,,,,,,,,,,,,,,,,,,,,,,,
6/28/17 21:03,6/28/17 21:18,0,174.195.137.144,100,852,1,6/28/17 21:18,R_egutiJIhFJXbTgt,,,,,35.96060181,-83.92070007,anonymous,1,6,5,6,2,6,5,5,3,6,6,6,6,6,1,6,6,6,6,2,3,4,2,2,1,1,2,2,5,5,5,4,4,4,5,1,5,5,1,1,1,5,5,4,2,5,4,5,2,70,30,"2,5",3,Angus,400,42,2,44
6/29/17 5:15,6/29/17 5:20,0,174.227.138.51,100,288,1,6/29/17 5:20,R_oYwUovdbtJbF2QF,,,,,30.16610718,-81.70649719,anonymous,1,6,5,6,1,2,2,5,4,6,5,5,5,6,6,6,6,6,5,2,3,2,3,1,1,1,2,2,5,5,4,4,4,3,6,1,1,1,1,1,6,6,4,2,1,4,3,2,3,49,51,"2,3,5",1,,2000,47,1,10
6/29/17 11:39,6/29/17 11:43,0,70.198.70.153,100,236,1,6/29/17 11:43,R_QhM6xa9463G1RrX,,,,,39.79299927,-86.28530121,anonymous,1,3,3,4,2,6,6,5,3,4,5,3,3,2,2,2,2,2,2,3,2,2,2,3,1,1,1,1,2,5,1,5,4,3,6,1,2,1,1,1,6,4,4,2,1,4,4,4,4,26,74,"2,5,6",3,Angus ,100,27,1,15
6/29/17 16:48,6/29/17 16:56,0,75.174.213.227,100,445,1,6/29/17 16:56,R_cIO4DRma9Ha7dwl,,,,,43.61210632,-116.3914948,anonymous,1,6,3,4,1,3,3,5,3,4,6,5,6,2,7,3,3,6,4,1,1,1,3,3,5,1,1,1,5,4,5,3,3,3,5,1,4,1,6,1,1,5,6,1,1,3,3,4,3,62,38,"2,5",1,,850 cows & bulls,26,2,13
6/30/17 10:43,6/30/17 10:53,0,66.210.184.28,100,557,1,6/30/17 10:53,R_1Ca38yh3XhIiSN3,,,,,35.53309631,-97.77069855,anonymous,1,5,4,6,3,5,5,5,4,3,6,5,5,5,3,4,5,4,3,1,3,2,3,1,1,1,2,2,4,5,5,4,3,3,5,1,5,5,5,1,1,5,5,5,2,5,2,5,5,29,71,"1,2,5,6",3,"shorthorn, red angus, maine, brangus",130 cow calves,48,1,37
6/30/17 13:16,6/30/17 13:26,0,216.194.144.10,100,580,1,6/30/17 13:26,R_3MJUMJTGsXmqnSm,,,,,29.64329529,-82.3214035,anonymous,1,4,4,6,3,1,1,3,3,4,4,4,4,3,3,5,5,4,1,1,1,5,5,1,1,1,3,1,4,5,3,3,3,3,6,1,1,5,1,2,1,6,6,6,1,3,3,1,3,40,60,"2,3,4,5,6",3,brangus,75,65,1,10
7/1/17 13:48,7/1/17 14:01,0,70.195.9.18,100,755,1,7/1/17 14:01,R_2fI4BEUYGRkz0vs,,,,,38.86279297,-94.70040131,anonymous,1,6,1,5,1,2,1,3,2,6,4,4,4,4,5,7,6,7,7,2,2,2,1,4,1,1,1,1,5,5,5,2,1,1,6,1,1,1,1,1,1,3,1,1,1,6,1,1,1,50,50,4,1,,N/A,50,1,26
6/25/17 17:44,6/25/17 17:45,0,38.130.10.33,19,73,0,7/3/17 0:46,R_2DNS2fjzhPPCK0X,,,,,,,anonymous,1,5,1,6,3,5,5,5,4,,,,,,,,,,,,,,,,,,,,,,,,,,,,,,,,,,,,,,,,,,,,,,,,,
6/26/17 16:32,6/26/17 16:34,0,107.77.200.138,31,102,0,7/3/17 16:34,R_3qOiNDcFNUyhkJo,,,,,,,anonymous,1,5,2,6,1,3,1,3,4,6,6,5,4,2,3,2,2,2,2,1,2,2,3,3,4,2,5,5,,,,,,,,,,,,,,,,,,,,,,,,,,,,,,
6/26/17 19:52,6/26/17 19:53,0,50.245.187.241,13,50,0,7/4/17 0:01,R_XNZKJBt2DOp9SMh,,,,,,,anonymous,1,,,,,,,,,,,,,,,,,,,,,,,,,,,,,,,,,,,,,,,,,,,,,,,,,,,,,,,,,
7/4/17 16:43,7/4/17 16:45,0,68.65.156.43,100,160,1,7/4/17 16:45,R_DvMEa78NEPm7NWV,,,,,28.25270081,-98.10739899,anonymous,2,,,,,,,,,,,,,,,,,,,,,,,,,,,,,,,,,,,,,,,,,,,,,,,,,,,,,,,,,45
7/5/17 7:57,7/5/17 8:05,0,192.171.118.58,100,518,1,7/5/17 8:05,R_25u1xSKaAbXymnS,,,,,29.53559875,-98.48139954,anonymous,1,6,4,4,2,4,2,4,4,6,6,6,6,5,6,5,5,2,6,1,2,2,2,2,4,1,1,1,5,4,4,4,3,3,6,1,1,1,1,1,1,5,4,3,2,3,2,2,2,73,27,"2,5",3,Brangus,225,65,1,45
6/30/17 10:51,6/30/17 10:53,0,75.23.38.244,13,81,0,7/7/17 10:53,R_1hF4iKU0jpqjMD6,,,,,,,anonymous,1,,,,,,,,,,,,,,,,,,,,,,,,,,,,,,,,,,,,,,,,,,,,,,,,,,,,,,,,,
7/21/17 20:17,7/21/17 20:24,0,166.181.80.251,100,431,1,7/21/17 20:24,R_2q2YdPfsLWydxNo,,,,,42.50059509,-90.66459656,anonymous,1,6,5,6,3,5,5,5,4,5,5,6,6,5,5,6,6,6,3,1,2,1,1,1,1,1,1,1,5,5,5,5,2,2,6,1,6,1,1,1,1,3,3,1,1,3,3,6,4,62,38,"3,5,6",3,Angus,200,26,1,16
7/25/17 11:23,7/25/17 11:23,0,12.40.42.133,100,19,1,7/25/17 11:23,R_23f9Hbl4OJD4t6m,,,,,39.79449463,-94.80419922,anonymous,2,,,,,,,,,,,,,,,,,,,,,,,,,,,,,,,,,,,,,,,,,,,,,,,,,,,,,,,,,26
7/31/17 20:17,7/31/17 20:22,0,70.196.66.207,100,297,1,7/31/17 20:22,R_2Uc03BxY2KLcG1G,,,,,29.75270081,-95.40989685,anonymous,1,4,5,6,4,5,5,4,4,3,5,5,5,3,3,5,5,5,5,3,4,4,3,4,3,2,4,2,3,5,4,3,2,3,6,1,2,1,2,2,3,4,4,1,1,4,2,5,4,25,75,5,3,Simbrah Brahman Simmetal ,N/A,49,1,45
9/27/17 11:06,9/27/17 11:06,0,173.244.130.194,13,13,0,10/4/17 11:08,R_26grkhvzrFQSshC,,,,,,,anonymous,1,,,,,,,,,,,,,,,,,,,,,,,,,,,,,,,,,,,,,,,,,,,,,,,,,,,,,,,,,
11/26/18 13:52,11/26/18 13:56,0,68.171.176.226,100,244,1,11/26/18 13:56,R_V3Sqg2vFcoxgNvb,,,,,39.21000671,-96.31529999,anonymous,1,6,2,4,2,3,3,3,2,6,3,5,5,5,6,5,5,5,6,3,4,3,3,3,1,1,1,3,5,4,3,3,3,1,6,1,1,3,1,3,1,4,4,6,1,3,1,3,1,61,39,4,3,Hereford,6,48,1,17